race_id,race_name,race_number,venue_name,start_time,course_info,race_details,entries
202546041504,C212,4,金沢,13:45,ダ1500m,,"[{""horse_number"": ""1"", ""horse_name"": ""ビルマチーク"", ""sex_age"": ""牝4"", ""weight"": ""55.0"", ""jockey_name"": ""栗原大河"", ""trainer_name"": ""菅原欣也"", ""odds"": ""19.0"", ""popularity"": ""6""}, {""horse_number"": ""2"", ""horse_name"": ""プリティドヌーヴ"", ""sex_age"": ""牝4"", ""weight"": ""55.0"", ""jockey_name"": ""兼子千央"", ""trainer_name"": ""菅原欣也"", ""odds"": ""8.5"", ""popularity"": ""5""}, {""horse_number"": ""3"", ""horse_name"": ""ヴェロニク"", ""sex_age"": ""牝8"", ""weight"": ""55.0"", ""jockey_name"": ""加藤翔馬"", ""trainer_name"": ""加藤和義"", ""odds"": ""6.9"", ""popularity"": ""4""}, {""horse_number"": ""4"", ""horse_name"": ""ブラボーキリシマ"", ""sex_age"": ""牝4"", ""weight"": ""55.0"", ""jockey_name"": ""青柳正義"", ""trainer_name"": ""池田敦"", ""odds"": ""2.1"", ""popularity"": ""1""}, {""horse_number"": ""5"", ""horse_name"": ""ドレッドステータス"", ""sex_age"": ""牝4"", ""weight"": ""55.0"", ""jockey_name"": ""吉田晃浩"", ""trainer_name"": ""田嶋弘幸"", ""odds"": ""4.5"", ""popularity"": ""2""}, {""horse_number"": ""6"", ""horse_name"": ""ビアメントブラスト"", ""sex_age"": ""牝4"", ""weight"": ""55.0"", ""jockey_name"": ""甲賀弘隆"", ""trainer_name"": ""加藤和宏"", ""odds"": ""4.5"", ""popularity"": ""3""}]"
202544041508,オレンジ・ブロッサム賞(C212),8,大井,18:20,ダ1200m,,"[{""horse_number"": ""1"", ""horse_name"": ""ブレイクルージュ"", ""sex_age"": ""牝4"", ""weight"": ""54.0"", ""jockey_name"": ""西啓太"", ""trainer_name"": ""堀千亜樹"", ""odds"": ""145.5"", ""popularity"": ""14""}, {""horse_number"": ""2"", ""horse_name"": ""イチモクサン"", ""sex_age"": ""セ5"", ""weight"": ""56.0"", ""jockey_name"": ""福原杏"", ""trainer_name"": ""堀江仁"", ""odds"": ""15.8"", ""popularity"": ""6""}, {""horse_number"": ""3"", ""horse_name"": ""サンラモン"", ""sex_age"": ""牡4"", ""weight"": ""56.0"", ""jockey_name"": ""山口達弥"", ""trainer_name"": ""渡部則夫"", ""odds"": ""86.9"", ""popularity"": ""11""}, {""horse_number"": ""4"", ""horse_name"": ""イロンデル"", ""sex_age"": ""牡4"", ""weight"": ""55.0"", ""jockey_name"": ""鷹見陸"", ""trainer_name"": ""高橋清顕"", ""odds"": ""2.5"", ""popularity"": ""1""}, {""horse_number"": ""5"", ""horse_name"": ""エムオーナイナー"", ""sex_age"": ""牡7"", ""weight"": ""56.0"", ""jockey_name"": ""新原周馬"", ""trainer_name"": ""高岩孝敏"", ""odds"": ""5.1"", ""popularity"": ""2""}, {""horse_number"": ""6"", ""horse_name"": ""ブッコワース"", ""sex_age"": ""牡4"", ""weight"": ""56.0"", ""jockey_name"": ""江里口裕"", ""trainer_name"": ""佐々木洋"", ""odds"": ""99.8"", ""popularity"": ""12""}, {""horse_number"": ""7"", ""horse_name"": ""ショウサンレックス"", ""sex_age"": ""牡5"", ""weight"": ""56.0"", ""jockey_name"": ""Ｒ．クア"", ""trainer_name"": ""立花伸"", ""odds"": ""5.4"", ""popularity"": ""3""}, {""horse_number"": ""8"", ""horse_name"": ""ルイーサ"", ""sex_age"": ""牝5"", ""weight"": ""54.0"", ""jockey_name"": ""藤田凌"", ""trainer_name"": ""鷹見浩"", ""odds"": ""9.5"", ""popularity"": ""4""}, {""horse_number"": ""9"", ""horse_name"": ""ジェーボンド"", ""sex_age"": ""牡4"", ""weight"": ""56.0"", ""jockey_name"": ""達城龍次"", ""trainer_name"": ""大宮和也"", ""odds"": ""20.4"", ""popularity"": ""9""}, {""horse_number"": ""10"", ""horse_name"": ""ナデナデ"", ""sex_age"": ""牝4"", ""weight"": ""54.0"", ""jockey_name"": ""本田正重"", ""trainer_name"": ""福田真広"", ""odds"": ""16.2"", ""popularity"": ""7""}, {""horse_number"": ""11"", ""horse_name"": ""エンバーク"", ""sex_age"": ""セ4"", ""weight"": ""53.0"", ""jockey_name"": ""小野俊斗"", ""trainer_name"": ""小野寺晋"", ""odds"": ""108.6"", ""popularity"": ""13""}, {""horse_number"": ""12"", ""horse_name"": ""サンドバンブー"", ""sex_age"": ""牝4"", ""weight"": ""54.0"", ""jockey_name"": ""高橋昭平"", ""trainer_name"": ""立花伸"", ""odds"": ""52.8"", ""popularity"": ""10""}, {""horse_number"": ""13"", ""horse_name"": ""ダンシングラスカル"", ""sex_age"": ""牡6"", ""weight"": ""56.0"", ""jockey_name"": ""石川駿介"", ""trainer_name"": ""納谷和玖"", ""odds"": ""18.6"", ""popularity"": ""8""}, {""horse_number"": ""14"", ""horse_name"": ""ルーセントスター"", ""sex_age"": ""牡8"", ""weight"": ""54.0"", ""jockey_name"": ""谷内貫太"", ""trainer_name"": ""市村誠"", ""odds"": ""12.0"", ""popularity"": ""5""}]"
202546041506,C210,6,金沢,14:55,ダ1500m,,"[{""horse_number"": ""1"", ""horse_name"": ""カームゲイズ"", ""sex_age"": ""牝4"", ""weight"": ""55.0"", ""jockey_name"": ""甲賀弘隆"", ""trainer_name"": ""黒木豊"", ""odds"": ""23.1"", ""popularity"": ""4""}, {""horse_number"": ""2"", ""horse_name"": ""ソルベック"", ""sex_age"": ""牝4"", ""weight"": ""55.0"", ""jockey_name"": ""松戸政也"", ""trainer_name"": ""井樋一也"", ""odds"": ""68.4"", ""popularity"": ""6""}, {""horse_number"": ""3"", ""horse_name"": ""ディオスシチー"", ""sex_age"": ""牡5"", ""weight"": ""57.0"", ""jockey_name"": ""鈴木太一"", ""trainer_name"": ""井樋一也"", ""odds"": ""195.0"", ""popularity"": ""8""}, {""horse_number"": ""4"", ""horse_name"": ""マサハヤポルヴォー"", ""sex_age"": ""セ4"", ""weight"": ""57.0"", ""jockey_name"": ""柴田勇真"", ""trainer_name"": ""高橋優子"", ""odds"": ""266.5"", ""popularity"": ""9""}, {""horse_number"": ""5"", ""horse_name"": ""ジョイスマイリー"", ""sex_age"": ""牝5"", ""weight"": ""55.0"", ""jockey_name"": ""沖静男"", ""trainer_name"": ""川添明弘"", ""odds"": ""12.9"", ""popularity"": ""2""}, {""horse_number"": ""6"", ""horse_name"": ""ローグテソーロ"", ""sex_age"": ""牝4"", ""weight"": ""55.0"", ""jockey_name"": ""中島龍也"", ""trainer_name"": ""加藤和宏"", ""odds"": ""85.8"", ""popularity"": ""7""}, {""horse_number"": ""7"", ""horse_name"": ""ギャクテンオー"", ""sex_age"": ""牡5"", ""weight"": ""57.0"", ""jockey_name"": ""兼子千央"", ""trainer_name"": ""宗綱泰彦"", ""odds"": ""42.1"", ""popularity"": ""5""}, {""horse_number"": ""8"", ""horse_name"": ""ワタシデイイデスカ"", ""sex_age"": ""牝5"", ""weight"": ""55.0"", ""jockey_name"": ""青柳正義"", ""trainer_name"": ""中川雅之"", ""odds"": ""1.0"", ""popularity"": ""1""}, {""horse_number"": ""9"", ""horse_name"": ""インティメート"", ""sex_age"": ""牝4"", ""weight"": ""55.0"", ""jockey_name"": ""服部大地"", ""trainer_name"": ""川添明弘"", ""odds"": ""17.1"", ""popularity"": ""3""}]"
202550041507,C2一,7,園田,13:50,ダ1400m,,"[{""horse_number"": ""1"", ""horse_name"": ""パリパリ"", ""sex_age"": ""牝5"", ""weight"": ""55.0"", ""jockey_name"": ""杉浦健太"", ""trainer_name"": ""碇清次郎"", ""odds"": ""15.6"", ""popularity"": ""6""}, {""horse_number"": ""2"", ""horse_name"": ""グリントスター"", ""sex_age"": ""牡7"", ""weight"": ""57.0"", ""jockey_name"": ""下原理"", ""trainer_name"": ""盛本信春"", ""odds"": ""11.3"", ""popularity"": ""5""}, {""horse_number"": ""3"", ""horse_name"": ""デイジーフラッシュ"", ""sex_age"": ""牝8"", ""weight"": ""54.0"", ""jockey_name"": ""新庄海誠"", ""trainer_name"": ""柏原誠路"", ""odds"": ""2.5"", ""popularity"": ""1""}, {""horse_number"": ""4"", ""horse_name"": ""イヤーズストレイト"", ""sex_age"": ""牝7"", ""weight"": ""55.0"", ""jockey_name"": ""高畑皓一"", ""trainer_name"": ""茂崎正善"", ""odds"": ""52.5"", ""popularity"": ""8""}, {""horse_number"": ""5"", ""horse_name"": ""スタングレネード"", ""sex_age"": ""牡5"", ""weight"": ""54.0"", ""jockey_name"": ""小谷哲平"", ""trainer_name"": ""新子雅司"", ""odds"": ""16.8"", ""popularity"": ""7""}, {""horse_number"": ""6"", ""horse_name"": ""ベラジオハルカ"", ""sex_age"": ""牝4"", ""weight"": ""55.0"", ""jockey_name"": ""吉村智洋"", ""trainer_name"": ""吉見真幸"", ""odds"": ""3.3"", ""popularity"": ""2""}, {""horse_number"": ""7"", ""horse_name"": ""メイショウマサカリ"", ""sex_age"": ""牡7"", ""weight"": ""56.0"", ""jockey_name"": ""山本屋太"", ""trainer_name"": ""小牧毅"", ""odds"": ""80.0"", ""popularity"": ""10""}, {""horse_number"": ""8"", ""horse_name"": ""クラウンオーシャン"", ""sex_age"": ""牝5"", ""weight"": ""55.0"", ""jockey_name"": ""小谷周平"", ""trainer_name"": ""溝橋利喜"", ""odds"": ""78.0"", ""popularity"": ""9""}, {""horse_number"": ""9"", ""horse_name"": ""フルリール"", ""sex_age"": ""牝4"", ""weight"": ""52.0"", ""jockey_name"": ""高橋愛叶"", ""trainer_name"": ""高馬元紘"", ""odds"": ""8.9"", ""popularity"": ""4""}, {""horse_number"": ""10"", ""horse_name"": ""エイシンエラン"", ""sex_age"": ""牡5"", ""weight"": ""57.0"", ""jockey_name"": ""川原正一"", ""trainer_name"": ""飯田良弘"", ""odds"": ""5.7"", ""popularity"": ""3""}]"
202544041512,山王坂賞競走(B3),12,大井,20:50,ダ1400m,,"[{""horse_number"": ""1"", ""horse_name"": ""ウインコマチ"", ""sex_age"": ""牝5"", ""weight"": ""54.0"", ""jockey_name"": ""町田直希"", ""trainer_name"": ""橋本和馬"", ""odds"": ""39.7"", ""popularity"": ""10""}, {""horse_number"": ""2"", ""horse_name"": ""マスターオブライフ"", ""sex_age"": ""牡4"", ""weight"": ""56.0"", ""jockey_name"": ""御神本訓"", ""trainer_name"": ""藤田輝信"", ""odds"": ""2.5"", ""popularity"": ""1""}, {""horse_number"": ""3"", ""horse_name"": ""シャルマンジャン"", ""sex_age"": ""牡6"", ""weight"": ""56.0"", ""jockey_name"": ""笹川翼"", ""trainer_name"": ""福永敏"", ""odds"": ""6.3"", ""popularity"": ""3""}, {""horse_number"": ""4"", ""horse_name"": ""ホウオウセレシオン"", ""sex_age"": ""セ8"", ""weight"": ""56.0"", ""jockey_name"": ""岡村健司"", ""trainer_name"": ""渡辺和雄"", ""odds"": ""15.4"", ""popularity"": ""7""}, {""horse_number"": ""5"", ""horse_name"": ""ドゥーロアバンティ"", ""sex_age"": ""牡5"", ""weight"": ""56.0"", ""jockey_name"": ""本田正重"", ""trainer_name"": ""立花伸"", ""odds"": ""12.9"", ""popularity"": ""6""}, {""horse_number"": ""6"", ""horse_name"": ""ラペルシェール"", ""sex_age"": ""牡7"", ""weight"": ""56.0"", ""jockey_name"": ""篠谷葵"", ""trainer_name"": ""佐野謙二"", ""odds"": ""40.5"", ""popularity"": ""11""}, {""horse_number"": ""7"", ""horse_name"": ""ネオトキオ"", ""sex_age"": ""牡5"", ""weight"": ""56.0"", ""jockey_name"": ""安藤洋一"", ""trainer_name"": ""荒山勝徳"", ""odds"": ""21.2"", ""popularity"": ""8""}, {""horse_number"": ""8"", ""horse_name"": ""ハニートースト"", ""sex_age"": ""牡5"", ""weight"": ""56.0"", ""jockey_name"": ""藤田凌"", ""trainer_name"": ""藤田輝信"", ""odds"": ""10.2"", ""popularity"": ""5""}, {""horse_number"": ""9"", ""horse_name"": ""ウインアイリーン"", ""sex_age"": ""牝6"", ""weight"": ""54.0"", ""jockey_name"": ""張田昂"", ""trainer_name"": ""須田和伸"", ""odds"": ""8.5"", ""popularity"": ""4""}, {""horse_number"": ""10"", ""horse_name"": ""ベイデンマリーナ"", ""sex_age"": ""牝4"", ""weight"": ""54.0"", ""jockey_name"": ""西啓太"", ""trainer_name"": ""福田真広"", ""odds"": ""68.6"", ""popularity"": ""12""}, {""horse_number"": ""11"", ""horse_name"": ""エスプリアラジン"", ""sex_age"": ""牡7"", ""weight"": ""56.0"", ""jockey_name"": ""Ｒ．クア"", ""trainer_name"": ""澤佳宏"", ""odds"": ""5.6"", ""popularity"": ""2""}, {""horse_number"": ""12"", ""horse_name"": ""アンニンドウフ"", ""sex_age"": ""牡5"", ""weight"": ""56.0"", ""jockey_name"": ""本橋孝太"", ""trainer_name"": ""赤嶺本浩"", ""odds"": ""93.8"", ""popularity"": ""14""}, {""horse_number"": ""13"", ""horse_name"": ""ティーズアペックス"", ""sex_age"": ""牝5"", ""weight"": ""52.0"", ""jockey_name"": ""谷内貫太"", ""trainer_name"": ""嶋田幸晴"", ""odds"": ""37.5"", ""popularity"": ""9""}, {""horse_number"": ""14"", ""horse_name"": ""ブラックアピス"", ""sex_age"": ""牡7"", ""weight"": ""55.0"", ""jockey_name"": ""鷹見陸"", ""trainer_name"": ""須田和伸"", ""odds"": ""90.1"", ""popularity"": ""13""}]"
202550041510,C1一,10,園田,15:40,ダ1400m,,"[{""horse_number"": ""1"", ""horse_name"": ""ロードレガシー"", ""sex_age"": ""セ6"", ""weight"": ""57.0"", ""jockey_name"": ""廣瀬航"", ""trainer_name"": ""高本友芳"", ""odds"": ""8.4"", ""popularity"": ""4""}, {""horse_number"": ""2"", ""horse_name"": ""ソニック"", ""sex_age"": ""牡4"", ""weight"": ""58.0"", ""jockey_name"": ""小牧太"", ""trainer_name"": ""飯田良弘"", ""odds"": ""2.1"", ""popularity"": ""1""}, {""horse_number"": ""3"", ""horse_name"": ""ムーンローバー"", ""sex_age"": ""牡5"", ""weight"": ""54.0"", ""jockey_name"": ""小谷哲平"", ""trainer_name"": ""溝橋利喜"", ""odds"": ""216.4"", ""popularity"": ""10""}, {""horse_number"": ""4"", ""horse_name"": ""スーパーアスラーダ"", ""sex_age"": ""セ7"", ""weight"": ""57.0"", ""jockey_name"": ""中田貴士"", ""trainer_name"": ""野田忍"", ""odds"": ""31.7"", ""popularity"": ""9""}, {""horse_number"": ""5"", ""horse_name"": ""ハングタイム"", ""sex_age"": ""牡7"", ""weight"": ""57.0"", ""jockey_name"": ""竹村達也"", ""trainer_name"": ""坂本和也"", ""odds"": ""21.4"", ""popularity"": ""7""}, {""horse_number"": ""6"", ""horse_name"": ""メイショウヤスマサ"", ""sex_age"": ""牡4"", ""weight"": ""57.0"", ""jockey_name"": ""杉浦健太"", ""trainer_name"": ""有馬澄男"", ""odds"": ""6.6"", ""popularity"": ""3""}, {""horse_number"": ""7"", ""horse_name"": ""ハヌマーン"", ""sex_age"": ""セ7"", ""weight"": ""57.0"", ""jockey_name"": ""永井孝典"", ""trainer_name"": ""藤川純"", ""odds"": ""28.5"", ""popularity"": ""8""}, {""horse_number"": ""8"", ""horse_name"": ""ブチエー"", ""sex_age"": ""牝5"", ""weight"": ""52.0"", ""jockey_name"": ""高橋愛叶"", ""trainer_name"": ""栗林徹治"", ""odds"": ""18.3"", ""popularity"": ""6""}, {""horse_number"": ""9"", ""horse_name"": ""ピンクマルガリータ"", ""sex_age"": ""牝6"", ""weight"": ""55.0"", ""jockey_name"": ""大山真吾"", ""trainer_name"": ""保利良平"", ""odds"": ""12.4"", ""popularity"": ""5""}, {""horse_number"": ""10"", ""horse_name"": ""ミナックシアター"", ""sex_age"": ""牝4"", ""weight"": ""55.0"", ""jockey_name"": ""田野豊三"", ""trainer_name"": ""土屋洋之"", ""odds"": ""4.1"", ""popularity"": ""2""}]"
202544041510,こぐま座特別競走(C2),10,大井,19:30,ダ1800m,,"[{""horse_number"": ""1"", ""horse_name"": ""チュイション"", ""sex_age"": ""牡7"", ""weight"": ""53.0"", ""jockey_name"": ""小野俊斗"", ""trainer_name"": ""赤嶺本浩"", ""odds"": ""52.6"", ""popularity"": ""13""}, {""horse_number"": ""2"", ""horse_name"": ""ショウナンタバルア"", ""sex_age"": ""牡5"", ""weight"": ""54.0"", ""jockey_name"": ""谷内貫太"", ""trainer_name"": ""澤佳宏"", ""odds"": ""17.2"", ""popularity"": ""6""}, {""horse_number"": ""3"", ""horse_name"": ""バズッチ"", ""sex_age"": ""牝5"", ""weight"": ""54.0"", ""jockey_name"": ""吉井章"", ""trainer_name"": ""月岡健二"", ""odds"": ""20.9"", ""popularity"": ""9""}, {""horse_number"": ""4"", ""horse_name"": ""エイシンクレモナ"", ""sex_age"": ""牡6"", ""weight"": ""56.0"", ""jockey_name"": ""町田直希"", ""trainer_name"": ""栗田泰昌"", ""odds"": ""17.7"", ""popularity"": ""7""}, {""horse_number"": ""5"", ""horse_name"": ""リケアヴィオレ"", ""sex_age"": ""牡4"", ""weight"": ""56.0"", ""jockey_name"": ""新原周馬"", ""trainer_name"": ""高岩孝敏"", ""odds"": ""50.3"", ""popularity"": ""12""}, {""horse_number"": ""6"", ""horse_name"": ""ジョリーロジャー"", ""sex_age"": ""牡4"", ""weight"": ""56.0"", ""jockey_name"": ""野畑凌"", ""trainer_name"": ""田中正人"", ""odds"": ""16.4"", ""popularity"": ""5""}, {""horse_number"": ""7"", ""horse_name"": ""テーオードリアン"", ""sex_age"": ""牝5"", ""weight"": ""51.0"", ""jockey_name"": ""杉山海波"", ""trainer_name"": ""中道啓二"", ""odds"": ""15.1"", ""popularity"": ""3""}, {""horse_number"": ""8"", ""horse_name"": ""ベッティーナ"", ""sex_age"": ""牝4"", ""weight"": ""54.0"", ""jockey_name"": ""今野忠成"", ""trainer_name"": ""蛯名雄太"", ""odds"": ""32.7"", ""popularity"": ""10""}, {""horse_number"": ""9"", ""horse_name"": ""マルヨソウタ"", ""sex_age"": ""牡7"", ""weight"": ""56.0"", ""jockey_name"": ""達城龍次"", ""trainer_name"": ""村上頼章"", ""odds"": ""34.5"", ""popularity"": ""11""}, {""horse_number"": ""10"", ""horse_name"": ""ポチョラーダ"", ""sex_age"": ""牝4"", ""weight"": ""54.0"", ""jockey_name"": ""笹川翼"", ""trainer_name"": ""真島大輔"", ""odds"": ""1.7"", ""popularity"": ""1""}, {""horse_number"": ""11"", ""horse_name"": ""ラヴレボーテ"", ""sex_age"": ""牝4"", ""weight"": ""54.0"", ""jockey_name"": ""藤田凌"", ""trainer_name"": ""米田英世"", ""odds"": ""6.8"", ""popularity"": ""2""}, {""horse_number"": ""12"", ""horse_name"": ""マイネルオデーサ"", ""sex_age"": ""セ4"", ""weight"": ""56.0"", ""jockey_name"": ""東原悠善"", ""trainer_name"": ""赤嶺本浩"", ""odds"": ""17.8"", ""popularity"": ""8""}, {""horse_number"": ""13"", ""horse_name"": ""ブラッドワイルド"", ""sex_age"": ""牡6"", ""weight"": ""56.0"", ""jockey_name"": ""本村直樹"", ""trainer_name"": ""高岩孝敏"", ""odds"": ""127.0"", ""popularity"": ""14""}, {""horse_number"": ""14"", ""horse_name"": ""オリリオ"", ""sex_age"": ""牡4"", ""weight"": ""55.0"", ""jockey_name"": ""鷹見陸"", ""trainer_name"": ""栗田裕光"", ""odds"": ""16.0"", ""popularity"": ""4""}]"
202550041508,3歳C1,8,園田,14:25,ダ1400m,,"[{""horse_number"": ""1"", ""horse_name"": ""インシーズン"", ""sex_age"": ""牝3"", ""weight"": ""55.0"", ""jockey_name"": ""中田貴士"", ""trainer_name"": ""野田忍"", ""odds"": ""114.7"", ""popularity"": ""11""}, {""horse_number"": ""2"", ""horse_name"": ""カイテキクラウン"", ""sex_age"": ""牝3"", ""weight"": ""55.0"", ""jockey_name"": ""竹村達也"", ""trainer_name"": ""坂本和也"", ""odds"": ""109.7"", ""popularity"": ""10""}, {""horse_number"": ""3"", ""horse_name"": ""アタリマエ"", ""sex_age"": ""牝3"", ""weight"": ""51.0"", ""jockey_name"": ""塩津璃菜"", ""trainer_name"": ""長南和宏"", ""odds"": ""48.0"", ""popularity"": ""8""}, {""horse_number"": ""4"", ""horse_name"": ""ウインソラネル"", ""sex_age"": ""牡3"", ""weight"": ""56.0"", ""jockey_name"": ""杉浦健太"", ""trainer_name"": ""茂崎正善"", ""odds"": ""15.7"", ""popularity"": ""6""}, {""horse_number"": ""5"", ""horse_name"": ""タッセル"", ""sex_age"": ""牡3"", ""weight"": ""56.0"", ""jockey_name"": ""笹田知宏"", ""trainer_name"": ""木村健"", ""odds"": ""2.9"", ""popularity"": ""2""}, {""horse_number"": ""6"", ""horse_name"": ""レベッカレインボー"", ""sex_age"": ""牝3"", ""weight"": ""55.0"", ""jockey_name"": ""吉村智洋"", ""trainer_name"": ""石橋満"", ""odds"": ""9.7"", ""popularity"": ""3""}, {""horse_number"": ""7"", ""horse_name"": ""マホウショウジョ"", ""sex_age"": ""牝3"", ""weight"": ""55.0"", ""jockey_name"": ""松木大地"", ""trainer_name"": ""雑賀伸一"", ""odds"": ""83.5"", ""popularity"": ""9""}, {""horse_number"": ""8"", ""horse_name"": ""ヴィタコンパーニ"", ""sex_age"": ""牡3"", ""weight"": ""56.0"", ""jockey_name"": ""山本咲希"", ""trainer_name"": ""盛本信春"", ""odds"": ""10.3"", ""popularity"": ""4""}, {""horse_number"": ""9"", ""horse_name"": ""ヨフカシ"", ""sex_age"": ""牡3"", ""weight"": ""56.0"", ""jockey_name"": ""井上幹太"", ""trainer_name"": ""国澤利照"", ""odds"": ""37.3"", ""popularity"": ""7""}, {""horse_number"": ""10"", ""horse_name"": ""チョウハクタカ"", ""sex_age"": ""牝3"", ""weight"": ""55.0"", ""jockey_name"": ""長谷部駿"", ""trainer_name"": ""織田誠"", ""odds"": ""11.2"", ""popularity"": ""5""}, {""horse_number"": ""11"", ""horse_name"": ""ダノングレイ"", ""sex_age"": ""牡3"", ""weight"": ""56.0"", ""jockey_name"": ""下原理"", ""trainer_name"": ""保利幸作"", ""odds"": ""2.1"", ""popularity"": ""1""}]"
202546041511,鶴仙渓特別(B2),11,金沢,17:55,ダ1400m,,"[{""horse_number"": ""1"", ""horse_name"": ""タイセイクエスト"", ""sex_age"": ""牡4"", ""weight"": ""57.0"", ""jockey_name"": ""米倉知"", ""trainer_name"": ""佐藤茂"", ""odds"": ""11.7"", ""popularity"": ""6""}, {""horse_number"": ""2"", ""horse_name"": ""ワレハカゼノコ"", ""sex_age"": ""牡5"", ""weight"": ""57.0"", ""jockey_name"": ""吉原寛人"", ""trainer_name"": ""加藤和義"", ""odds"": ""2.8"", ""popularity"": ""1""}, {""horse_number"": ""3"", ""horse_name"": ""リュウノステルス"", ""sex_age"": ""牡5"", ""weight"": ""57.0"", ""jockey_name"": ""加藤翔馬"", ""trainer_name"": ""加藤和義"", ""odds"": ""35.1"", ""popularity"": ""11""}, {""horse_number"": ""4"", ""horse_name"": ""カイジンウェーヴ"", ""sex_age"": ""牡7"", ""weight"": ""57.0"", ""jockey_name"": ""青柳正義"", ""trainer_name"": ""中川雅之"", ""odds"": ""18.7"", ""popularity"": ""9""}, {""horse_number"": ""5"", ""horse_name"": ""オレンジダンサー"", ""sex_age"": ""牝4"", ""weight"": ""55.0"", ""jockey_name"": ""柴田勇真"", ""trainer_name"": ""金田一昌"", ""odds"": ""13.8"", ""popularity"": ""7""}, {""horse_number"": ""6"", ""horse_name"": ""シュンプウ"", ""sex_age"": ""牡4"", ""weight"": ""57.0"", ""jockey_name"": ""中島龍也"", ""trainer_name"": ""佐藤茂"", ""odds"": ""6.7"", ""popularity"": ""3""}, {""horse_number"": ""7"", ""horse_name"": ""オルダージュ"", ""sex_age"": ""セ9"", ""weight"": ""57.0"", ""jockey_name"": ""沖静男"", ""trainer_name"": ""川添明弘"", ""odds"": ""15.1"", ""popularity"": ""8""}, {""horse_number"": ""8"", ""horse_name"": ""クリノヒビキ"", ""sex_age"": ""セ10"", ""weight"": ""57.0"", ""jockey_name"": ""服部大地"", ""trainer_name"": ""田嶋弘幸"", ""odds"": ""24.7"", ""popularity"": ""10""}, {""horse_number"": ""9"", ""horse_name"": ""ドンリュウスター"", ""sex_age"": ""牡4"", ""weight"": ""57.0"", ""jockey_name"": ""平瀬城久"", ""trainer_name"": ""高橋俊之"", ""odds"": ""10.4"", ""popularity"": ""5""}, {""horse_number"": ""10"", ""horse_name"": ""フェイマスグラース"", ""sex_age"": ""牝4"", ""weight"": ""55.0"", ""jockey_name"": ""吉田晃浩"", ""trainer_name"": ""佐藤茂"", ""odds"": ""5.4"", ""popularity"": ""2""}, {""horse_number"": ""11"", ""horse_name"": ""レイズユアリミット"", ""sex_age"": ""牡5"", ""weight"": ""57.0"", ""jockey_name"": ""松戸政也"", ""trainer_name"": ""井樋一也"", ""odds"": ""8.7"", ""popularity"": ""4""}]"
202544041507,C2111213(C212),7,大井,17:45,ダ1400m,,"[{""horse_number"": ""1"", ""horse_name"": ""ゴーディアンノット"", ""sex_age"": ""セ4"", ""weight"": ""53.0"", ""jockey_name"": ""杉山海波"", ""trainer_name"": ""鷹見浩"", ""odds"": ""36.7"", ""popularity"": ""11""}, {""horse_number"": ""2"", ""horse_name"": ""デルマウチガケ"", ""sex_age"": ""牝5"", ""weight"": ""54.0"", ""jockey_name"": ""吉井章"", ""trainer_name"": ""鈴木啓之"", ""odds"": ""5.6"", ""popularity"": ""3""}, {""horse_number"": ""3"", ""horse_name"": ""カウイラ"", ""sex_age"": ""牝4"", ""weight"": ""54.0"", ""jockey_name"": ""野畑凌"", ""trainer_name"": ""宗形竹見"", ""odds"": ""15.2"", ""popularity"": ""6""}, {""horse_number"": ""4"", ""horse_name"": ""アソス"", ""sex_age"": ""牡5"", ""weight"": ""56.0"", ""jockey_name"": ""安藤洋一"", ""trainer_name"": ""月岡健二"", ""odds"": ""16.2"", ""popularity"": ""8""}, {""horse_number"": ""5"", ""horse_name"": ""アンナネーヴェ"", ""sex_age"": ""牝4"", ""weight"": ""54.0"", ""jockey_name"": ""東原悠善"", ""trainer_name"": ""庄子昭彦"", ""odds"": ""127.4"", ""popularity"": ""14""}, {""horse_number"": ""6"", ""horse_name"": ""クウレイナニ"", ""sex_age"": ""牝5"", ""weight"": ""54.0"", ""jockey_name"": ""笹川翼"", ""trainer_name"": ""宗形竹見"", ""odds"": ""5.1"", ""popularity"": ""2""}, {""horse_number"": ""7"", ""horse_name"": ""ヤルヤン"", ""sex_age"": ""牡4"", ""weight"": ""56.0"", ""jockey_name"": ""西啓太"", ""trainer_name"": ""堀千亜樹"", ""odds"": ""41.0"", ""popularity"": ""12""}, {""horse_number"": ""8"", ""horse_name"": ""コトブキエース"", ""sex_age"": ""牡5"", ""weight"": ""56.0"", ""jockey_name"": ""今野忠成"", ""trainer_name"": ""渡部則夫"", ""odds"": ""21.7"", ""popularity"": ""9""}, {""horse_number"": ""9"", ""horse_name"": ""グァンダオ"", ""sex_age"": ""牡4"", ""weight"": ""54.0"", ""jockey_name"": ""所蛍"", ""trainer_name"": ""小野寺晋"", ""odds"": ""34.2"", ""popularity"": ""10""}, {""horse_number"": ""10"", ""horse_name"": ""カゼノイタズラ"", ""sex_age"": ""牝4"", ""weight"": ""54.0"", ""jockey_name"": ""達城龍次"", ""trainer_name"": ""大宮和也"", ""odds"": ""12.8"", ""popularity"": ""5""}, {""horse_number"": ""11"", ""horse_name"": ""ヴォーグアルタイル"", ""sex_age"": ""牡4"", ""weight"": ""56.0"", ""jockey_name"": ""本田正重"", ""trainer_name"": ""真島大輔"", ""odds"": ""3.5"", ""popularity"": ""1""}, {""horse_number"": ""12"", ""horse_name"": ""アミフジモアナ"", ""sex_age"": ""牝4"", ""weight"": ""54.0"", ""jockey_name"": ""菅原涼太"", ""trainer_name"": ""堀千亜樹"", ""odds"": ""5.6"", ""popularity"": ""4""}, {""horse_number"": ""13"", ""horse_name"": ""ヘウレシス"", ""sex_age"": ""牝5"", ""weight"": ""54.0"", ""jockey_name"": ""岡村健司"", ""trainer_name"": ""渡辺和雄"", ""odds"": ""83.5"", ""popularity"": ""13""}, {""horse_number"": ""14"", ""horse_name"": ""リアンフォール"", ""sex_age"": ""牡4"", ""weight"": ""56.0"", ""jockey_name"": ""藤田凌"", ""trainer_name"": ""米田英世"", ""odds"": ""16.1"", ""popularity"": ""7""}]"
202546041505,ふうり会馬サー盃ふうり★めぶきW生誕記念(C2),5,金沢,14:20,ダ1400m,,"[{""horse_number"": ""1"", ""horse_name"": ""ハクサンアップル"", ""sex_age"": ""牝4"", ""weight"": ""55.0"", ""jockey_name"": ""平瀬城久"", ""trainer_name"": ""堀場裕充"", ""odds"": ""6.2"", ""popularity"": ""4""}, {""horse_number"": ""2"", ""horse_name"": ""スマッシュパワー"", ""sex_age"": ""牡8"", ""weight"": ""57.0"", ""jockey_name"": ""甲賀弘隆"", ""trainer_name"": ""高橋優子"", ""odds"": ""43.2"", ""popularity"": ""8""}, {""horse_number"": ""3"", ""horse_name"": ""シェーンシュタット"", ""sex_age"": ""牡7"", ""weight"": ""57.0"", ""jockey_name"": ""鈴木太一"", ""trainer_name"": ""加藤和宏"", ""odds"": ""48.3"", ""popularity"": ""9""}, {""horse_number"": ""4"", ""horse_name"": ""ベストベルシック"", ""sex_age"": ""牝4"", ""weight"": ""55.0"", ""jockey_name"": ""栗原大河"", ""trainer_name"": ""菅原欣也"", ""odds"": ""3.1"", ""popularity"": ""1""}, {""horse_number"": ""5"", ""horse_name"": ""マイネルパリオート"", ""sex_age"": ""牡7"", ""weight"": ""57.0"", ""jockey_name"": ""兼子千央"", ""trainer_name"": ""宗綱泰彦"", ""odds"": ""23.0"", ""popularity"": ""7""}, {""horse_number"": ""6"", ""horse_name"": ""ランドシュール"", ""sex_age"": ""牡4"", ""weight"": ""57.0"", ""jockey_name"": ""服部大地"", ""trainer_name"": ""川添明弘"", ""odds"": ""3.6"", ""popularity"": ""2""}, {""horse_number"": ""7"", ""horse_name"": ""コウエツ"", ""sex_age"": ""牝4"", ""weight"": ""55.0"", ""jockey_name"": ""青柳正義"", ""trainer_name"": ""池田敦"", ""odds"": ""4.4"", ""popularity"": ""3""}, {""horse_number"": ""8"", ""horse_name"": ""ミスヒノクニ"", ""sex_age"": ""牝4"", ""weight"": ""55.0"", ""jockey_name"": ""中島龍也"", ""trainer_name"": ""佐藤茂"", ""odds"": ""15.1"", ""popularity"": ""6""}, {""horse_number"": ""9"", ""horse_name"": ""センベロ"", ""sex_age"": ""牝4"", ""weight"": ""55.0"", ""jockey_name"": ""沖静男"", ""trainer_name"": ""吉井一良"", ""odds"": ""107.4"", ""popularity"": ""10""}, {""horse_number"": ""10"", ""horse_name"": ""グラスファイン"", ""sex_age"": ""牝4"", ""weight"": ""55.0"", ""jockey_name"": ""加藤翔馬"", ""trainer_name"": ""加藤和宏"", ""odds"": ""10.4"", ""popularity"": ""5""}]"
202550041502,3歳C2,2,園田,11:10,ダ820m,,"[{""horse_number"": ""1"", ""horse_name"": ""ロザリアン"", ""sex_age"": ""牝3"", ""weight"": ""55.0"", ""jockey_name"": ""小谷周平"", ""trainer_name"": ""溝橋利喜"", ""odds"": ""17.5"", ""popularity"": ""7""}, {""horse_number"": ""2"", ""horse_name"": ""フェザージュピター"", ""sex_age"": ""牝3"", ""weight"": ""55.0"", ""jockey_name"": ""杉浦健太"", ""trainer_name"": ""新井隆太"", ""odds"": ""33.3"", ""popularity"": ""10""}, {""horse_number"": ""3"", ""horse_name"": ""タンバコウバイ"", ""sex_age"": ""牝3"", ""weight"": ""55.0"", ""jockey_name"": ""大山龍太"", ""trainer_name"": ""坂本和也"", ""odds"": ""13.8"", ""popularity"": ""6""}, {""horse_number"": ""4"", ""horse_name"": ""リモート"", ""sex_age"": ""牝3"", ""weight"": ""55.0"", ""jockey_name"": ""渡瀬和幸"", ""trainer_name"": ""西川進也"", ""odds"": ""12.6"", ""popularity"": ""5""}, {""horse_number"": ""5"", ""horse_name"": ""キーチパーヘチュア"", ""sex_age"": ""牡3"", ""weight"": ""56.0"", ""jockey_name"": ""大柿一真"", ""trainer_name"": ""平松徳彦"", ""odds"": ""26.9"", ""popularity"": ""9""}, {""horse_number"": ""6"", ""horse_name"": ""ホクザンシュシュ"", ""sex_age"": ""牝3"", ""weight"": ""55.0"", ""jockey_name"": ""長尾翼玖"", ""trainer_name"": ""橋本忠明"", ""odds"": ""12.4"", ""popularity"": ""4""}, {""horse_number"": ""7"", ""horse_name"": ""エメラルドソード"", ""sex_age"": ""牡3"", ""weight"": ""56.0"", ""jockey_name"": ""山本咲希"", ""trainer_name"": ""長倉功"", ""odds"": ""3.4"", ""popularity"": ""2""}, {""horse_number"": ""8"", ""horse_name"": ""スタック"", ""sex_age"": ""牝3"", ""weight"": ""55.0"", ""jockey_name"": ""廣瀬航"", ""trainer_name"": ""高本友芳"", ""odds"": ""25.5"", ""popularity"": ""8""}, {""horse_number"": ""9"", ""horse_name"": ""プリティキャット"", ""sex_age"": ""牝3"", ""weight"": ""52.0"", ""jockey_name"": ""小谷哲平"", ""trainer_name"": ""溝橋利喜"", ""odds"": ""6.7"", ""popularity"": ""3""}, {""horse_number"": ""10"", ""horse_name"": ""シロズキンチャン"", ""sex_age"": ""牝3"", ""weight"": ""54.0"", ""jockey_name"": ""新庄海誠"", ""trainer_name"": ""柏原誠路"", ""odds"": ""2.4"", ""popularity"": ""1""}]"
202550041503,C3三,3,園田,11:40,ダ1400m,,"[{""horse_number"": ""1"", ""horse_name"": ""ヴィクトリーナイト"", ""sex_age"": ""牡8"", ""weight"": ""57.0"", ""jockey_name"": ""小牧太"", ""trainer_name"": ""中塚猛"", ""odds"": ""2.2"", ""popularity"": ""1""}, {""horse_number"": ""2"", ""horse_name"": ""モデルチャン"", ""sex_age"": ""牝4"", ""weight"": ""55.0"", ""jockey_name"": ""石堂響"", ""trainer_name"": ""長南和宏"", ""odds"": ""2.8"", ""popularity"": ""2""}, {""horse_number"": ""3"", ""horse_name"": ""ムーンセット"", ""sex_age"": ""牝4"", ""weight"": ""52.0"", ""jockey_name"": ""高橋愛叶"", ""trainer_name"": ""新井隆太"", ""odds"": ""23.1"", ""popularity"": ""6""}, {""horse_number"": ""4"", ""horse_name"": ""ケイツーレオン"", ""sex_age"": ""牡4"", ""weight"": ""57.0"", ""jockey_name"": ""山田雄大"", ""trainer_name"": ""尾原強"", ""odds"": ""46.7"", ""popularity"": ""10""}, {""horse_number"": ""5"", ""horse_name"": ""メイショウロールス"", ""sex_age"": ""牡8"", ""weight"": ""57.0"", ""jockey_name"": ""長尾翼玖"", ""trainer_name"": ""山元博徳"", ""odds"": ""30.3"", ""popularity"": ""8""}, {""horse_number"": ""6"", ""horse_name"": ""フライウィズミー"", ""sex_age"": ""牝5"", ""weight"": ""51.0"", ""jockey_name"": ""塩津璃菜"", ""trainer_name"": ""長南和宏"", ""odds"": ""29.6"", ""popularity"": ""7""}, {""horse_number"": ""7"", ""horse_name"": ""ネバールーズロコ"", ""sex_age"": ""牝4"", ""weight"": ""55.0"", ""jockey_name"": ""松木大地"", ""trainer_name"": ""国澤利照"", ""odds"": ""121.6"", ""popularity"": ""11""}, {""horse_number"": ""8"", ""horse_name"": ""キングムーン"", ""sex_age"": ""牡4"", ""weight"": ""57.0"", ""jockey_name"": ""大山龍太"", ""trainer_name"": ""山元博徳"", ""odds"": ""45.6"", ""popularity"": ""9""}, {""horse_number"": ""9"", ""horse_name"": ""プリティプリティー"", ""sex_age"": ""牝6"", ""weight"": ""55.0"", ""jockey_name"": ""廣瀬航"", ""trainer_name"": ""高本友芳"", ""odds"": ""9.6"", ""popularity"": ""4""}, {""horse_number"": ""10"", ""horse_name"": ""カラツノ"", ""sex_age"": ""牡4"", ""weight"": ""57.0"", ""jockey_name"": ""大山真吾"", ""trainer_name"": ""保利幸作"", ""odds"": ""7.7"", ""popularity"": ""3""}, {""horse_number"": ""11"", ""horse_name"": ""アモールファティ"", ""sex_age"": ""牝6"", ""weight"": ""55.0"", ""jockey_name"": ""高畑皓一"", ""trainer_name"": ""尾原強"", ""odds"": ""20.3"", ""popularity"": ""5""}]"
202546041502,C214,2,金沢,12:35,ダ1500m,,"[{""horse_number"": ""1"", ""horse_name"": ""シャビーシック"", ""sex_age"": ""牝4"", ""weight"": ""55.0"", ""jockey_name"": ""柴田勇真"", ""trainer_name"": ""高橋俊之"", ""odds"": ""18.2"", ""popularity"": ""5""}, {""horse_number"": ""2"", ""horse_name"": ""アポロセイラン"", ""sex_age"": ""牡8"", ""weight"": ""57.0"", ""jockey_name"": ""甲賀弘隆"", ""trainer_name"": ""田嶋弘幸"", ""odds"": ""58.7"", ""popularity"": ""8""}, {""horse_number"": ""3"", ""horse_name"": ""アンザンタカヒロ"", ""sex_age"": ""セ8"", ""weight"": ""57.0"", ""jockey_name"": ""松戸政也"", ""trainer_name"": ""吉井一良"", ""odds"": ""79.3"", ""popularity"": ""9""}, {""horse_number"": ""4"", ""horse_name"": ""ソルセルリ"", ""sex_age"": ""牝4"", ""weight"": ""55.0"", ""jockey_name"": ""栗原大河"", ""trainer_name"": ""菅原欣也"", ""odds"": ""11.7"", ""popularity"": ""4""}, {""horse_number"": ""5"", ""horse_name"": ""サンシャインドナウ"", ""sex_age"": ""牝4"", ""weight"": ""55.0"", ""jockey_name"": ""米倉知"", ""trainer_name"": ""池田敦"", ""odds"": ""3.0"", ""popularity"": ""2""}, {""horse_number"": ""6"", ""horse_name"": ""ボルドーエゾンス"", ""sex_age"": ""牝4"", ""weight"": ""55.0"", ""jockey_name"": ""葛山晃平"", ""trainer_name"": ""高橋俊之"", ""odds"": ""53.9"", ""popularity"": ""7""}, {""horse_number"": ""7"", ""horse_name"": ""アーベントイアー"", ""sex_age"": ""牡4"", ""weight"": ""57.0"", ""jockey_name"": ""中島龍也"", ""trainer_name"": ""加藤和宏"", ""odds"": ""1.7"", ""popularity"": ""1""}, {""horse_number"": ""8"", ""horse_name"": ""リベラメ"", ""sex_age"": ""牝4"", ""weight"": ""55.0"", ""jockey_name"": ""加藤翔馬"", ""trainer_name"": ""加藤和義"", ""odds"": ""9.8"", ""popularity"": ""3""}, {""horse_number"": ""9"", ""horse_name"": ""サンオブアマゾン"", ""sex_age"": ""牡5"", ""weight"": ""57.0"", ""jockey_name"": ""鈴木太一"", ""trainer_name"": ""井樋一也"", ""odds"": ""29.5"", ""popularity"": ""6""}]"
202546041507,C29,7,金沢,15:35,ダ1400m,,"[{""horse_number"": ""1"", ""horse_name"": ""チャックイーズラブ"", ""sex_age"": ""牝4"", ""weight"": ""55.0"", ""jockey_name"": ""服部大地"", ""trainer_name"": ""高橋俊之"", ""odds"": ""1.8"", ""popularity"": ""1""}, {""horse_number"": ""2"", ""horse_name"": ""ナイトアウェイ"", ""sex_age"": ""セ4"", ""weight"": ""57.0"", ""jockey_name"": ""中島龍也"", ""trainer_name"": ""加藤和宏"", ""odds"": ""3.2"", ""popularity"": ""2""}, {""horse_number"": ""3"", ""horse_name"": ""ジーエイチグールド"", ""sex_age"": ""牡5"", ""weight"": ""57.0"", ""jockey_name"": ""吉田晃浩"", ""trainer_name"": ""鋤田誠二"", ""odds"": ""107.2"", ""popularity"": ""9""}, {""horse_number"": ""4"", ""horse_name"": ""ジェミースター"", ""sex_age"": ""牝5"", ""weight"": ""55.0"", ""jockey_name"": ""鈴木太一"", ""trainer_name"": ""高橋優子"", ""odds"": ""46.6"", ""popularity"": ""6""}, {""horse_number"": ""5"", ""horse_name"": ""ウインドアカネール"", ""sex_age"": ""牝5"", ""weight"": ""55.0"", ""jockey_name"": ""柴田勇真"", ""trainer_name"": ""野田幸雄"", ""odds"": ""59.0"", ""popularity"": ""7""}, {""horse_number"": ""6"", ""horse_name"": ""ナックエクスプレス"", ""sex_age"": ""牝4"", ""weight"": ""55.0"", ""jockey_name"": ""青柳正義"", ""trainer_name"": ""中川雅之"", ""odds"": ""4.9"", ""popularity"": ""3""}, {""horse_number"": ""7"", ""horse_name"": ""アイスムーン"", ""sex_age"": ""牝7"", ""weight"": ""55.0"", ""jockey_name"": ""平瀬城久"", ""trainer_name"": ""高橋俊之"", ""odds"": ""67.6"", ""popularity"": ""8""}, {""horse_number"": ""8"", ""horse_name"": ""メニー"", ""sex_age"": ""牡4"", ""weight"": ""57.0"", ""jockey_name"": ""甲賀弘隆"", ""trainer_name"": ""中川雅之"", ""odds"": ""10.6"", ""popularity"": ""4""}, {""horse_number"": ""9"", ""horse_name"": ""クラッパーボード"", ""sex_age"": ""セ5"", ""weight"": ""57.0"", ""jockey_name"": ""沖静男"", ""trainer_name"": ""川添明弘"", ""odds"": ""28.8"", ""popularity"": ""5""}]"
202550041504,香合新田7ハロンC3,4,園田,12:15,ダ1400m,,"[{""horse_number"": ""1"", ""horse_name"": ""サクラマイウェイ"", ""sex_age"": ""牡5"", ""weight"": ""57.0"", ""jockey_name"": ""中田貴士"", ""trainer_name"": ""北野真弘"", ""odds"": ""57.7"", ""popularity"": ""7""}, {""horse_number"": ""2"", ""horse_name"": ""ドリームチェイサー"", ""sex_age"": ""牝4"", ""weight"": ""55.0"", ""jockey_name"": ""小谷周平"", ""trainer_name"": ""溝橋利喜"", ""odds"": ""150.3"", ""popularity"": ""10""}, {""horse_number"": ""3"", ""horse_name"": ""イテマエバファロー"", ""sex_age"": ""牡5"", ""weight"": ""56.0"", ""jockey_name"": ""新庄海誠"", ""trainer_name"": ""徳本慶一"", ""odds"": ""139.4"", ""popularity"": ""9""}, {""horse_number"": ""4"", ""horse_name"": ""ベリリウンヌ"", ""sex_age"": ""牝7"", ""weight"": ""55.0"", ""jockey_name"": ""高畑皓一"", ""trainer_name"": ""尾原強"", ""odds"": ""244.2"", ""popularity"": ""11""}, {""horse_number"": ""5"", ""horse_name"": ""モモロイヤル"", ""sex_age"": ""牝5"", ""weight"": ""56.0"", ""jockey_name"": ""大山龍太"", ""trainer_name"": ""長倉功"", ""odds"": ""1.3"", ""popularity"": ""1""}, {""horse_number"": ""6"", ""horse_name"": ""ゼンノクレバー"", ""sex_age"": ""セ4"", ""weight"": ""54.0"", ""jockey_name"": ""米玉利燕"", ""trainer_name"": ""森澤友貴"", ""odds"": ""76.6"", ""popularity"": ""8""}, {""horse_number"": ""7"", ""horse_name"": ""スワニーテソーロ"", ""sex_age"": ""牝6"", ""weight"": ""52.0"", ""jockey_name"": ""小谷哲平"", ""trainer_name"": ""溝橋利喜"", ""odds"": ""25.6"", ""popularity"": ""4""}, {""horse_number"": ""8"", ""horse_name"": ""ミトロージア"", ""sex_age"": ""牝4"", ""weight"": ""55.0"", ""jockey_name"": ""廣瀬航"", ""trainer_name"": ""岡田利一"", ""odds"": ""10.3"", ""popularity"": ""3""}, {""horse_number"": ""9"", ""horse_name"": ""ヴァリオ"", ""sex_age"": ""牡4"", ""weight"": ""57.0"", ""jockey_name"": ""川原正一"", ""trainer_name"": ""土屋洋之"", ""odds"": ""51.7"", ""popularity"": ""6""}, {""horse_number"": ""10"", ""horse_name"": ""ユメコイ"", ""sex_age"": ""牝6"", ""weight"": ""55.0"", ""jockey_name"": ""板野央"", ""trainer_name"": ""小村正也"", ""odds"": ""25.8"", ""popularity"": ""5""}, {""horse_number"": ""11"", ""horse_name"": ""アドーネ"", ""sex_age"": ""牡4"", ""weight"": ""57.0"", ""jockey_name"": ""山本咲希"", ""trainer_name"": ""松浦聡志"", ""odds"": ""4.1"", ""popularity"": ""2""}]"
202544041511,オメガ賞競走(B1B2),11,大井,20:10,ダ1600m,,"[{""horse_number"": ""1"", ""horse_name"": ""リコールガー"", ""sex_age"": ""牡5"", ""weight"": ""57.0"", ""jockey_name"": ""今野忠成"", ""trainer_name"": ""荒山勝徳"", ""odds"": ""2.5"", ""popularity"": ""1""}, {""horse_number"": ""2"", ""horse_name"": ""ドラケン"", ""sex_age"": ""牡5"", ""weight"": ""57.0"", ""jockey_name"": ""藤田凌"", ""trainer_name"": ""堀千亜樹"", ""odds"": ""19.8"", ""popularity"": ""7""}, {""horse_number"": ""3"", ""horse_name"": ""スターオブフェイス"", ""sex_age"": ""牡6"", ""weight"": ""53.0"", ""jockey_name"": ""谷内貫太"", ""trainer_name"": ""嶋田幸晴"", ""odds"": ""27.6"", ""popularity"": ""9""}, {""horse_number"": ""4"", ""horse_name"": ""メーサンデュラント"", ""sex_age"": ""牡5"", ""weight"": ""57.0"", ""jockey_name"": ""野畑凌"", ""trainer_name"": ""月岡健二"", ""odds"": ""9.6"", ""popularity"": ""4""}, {""horse_number"": ""5"", ""horse_name"": ""フジラプンツェル"", ""sex_age"": ""牝5"", ""weight"": ""55.0"", ""jockey_name"": ""石川駿介"", ""trainer_name"": ""岡野尚光"", ""odds"": ""38.7"", ""popularity"": ""11""}, {""horse_number"": ""6"", ""horse_name"": ""シルヴィーノ"", ""sex_age"": ""牡5"", ""weight"": ""55.0"", ""jockey_name"": ""御神本訓"", ""trainer_name"": ""橋本和馬"", ""odds"": ""4.6"", ""popularity"": ""2""}, {""horse_number"": ""7"", ""horse_name"": ""イルヴェント"", ""sex_age"": ""牡6"", ""weight"": ""57.0"", ""jockey_name"": ""吉井章"", ""trainer_name"": ""荒井朋弘"", ""odds"": ""12.0"", ""popularity"": ""6""}, {""horse_number"": ""8"", ""horse_name"": ""ユウシンイモン"", ""sex_age"": ""牡6"", ""weight"": ""55.0"", ""jockey_name"": ""田中洸多"", ""trainer_name"": ""佐宗応和"", ""odds"": ""30.0"", ""popularity"": ""10""}, {""horse_number"": ""9"", ""horse_name"": ""ハリウッドヒルズ"", ""sex_age"": ""牡8"", ""weight"": ""57.0"", ""jockey_name"": ""福原杏"", ""trainer_name"": ""阪本一栄"", ""odds"": ""24.8"", ""popularity"": ""8""}, {""horse_number"": ""10"", ""horse_name"": ""オルトスラッガー"", ""sex_age"": ""セ7"", ""weight"": ""57.0"", ""jockey_name"": ""達城龍次"", ""trainer_name"": ""井上弘之"", ""odds"": ""9.7"", ""popularity"": ""5""}, {""horse_number"": ""11"", ""horse_name"": ""トップアメリカン"", ""sex_age"": ""牡6"", ""weight"": ""57.0"", ""jockey_name"": ""Ｒ．クア"", ""trainer_name"": ""佐宗応和"", ""odds"": ""54.5"", ""popularity"": ""12""}, {""horse_number"": ""12"", ""horse_name"": ""ユーアオンフリーク"", ""sex_age"": ""牡5"", ""weight"": ""57.0"", ""jockey_name"": ""本田正重"", ""trainer_name"": ""荒山勝徳"", ""odds"": ""7.2"", ""popularity"": ""3""}, {""horse_number"": ""13"", ""horse_name"": ""サブノハクタカ"", ""sex_age"": ""牡7"", ""weight"": ""57.0"", ""jockey_name"": ""本橋孝太"", ""trainer_name"": ""鷹見浩"", ""odds"": ""177.1"", ""popularity"": ""13""}]"
202544041509,B3五,9,大井,18:55,ダ1800m,,"[{""horse_number"": ""1"", ""horse_name"": ""ゲールタクト"", ""sex_age"": ""牡4"", ""weight"": ""56.0"", ""jockey_name"": ""Ｒ．クア"", ""trainer_name"": ""月岡健二"", ""odds"": ""6.8"", ""popularity"": ""3""}, {""horse_number"": ""2"", ""horse_name"": ""ワンボイス"", ""sex_age"": ""牡5"", ""weight"": ""56.0"", ""jockey_name"": ""笹川翼"", ""trainer_name"": ""佐宗応和"", ""odds"": ""9.9"", ""popularity"": ""5""}, {""horse_number"": ""3"", ""horse_name"": ""ミライヘノシンゲキ"", ""sex_age"": ""牡4"", ""weight"": ""53.0"", ""jockey_name"": ""杉山海波"", ""trainer_name"": ""朝倉実"", ""odds"": ""53.5"", ""popularity"": ""12""}, {""horse_number"": ""4"", ""horse_name"": ""ナウズザタイム"", ""sex_age"": ""牝5"", ""weight"": ""54.0"", ""jockey_name"": ""西啓太"", ""trainer_name"": ""福田真広"", ""odds"": ""15.9"", ""popularity"": ""7""}, {""horse_number"": ""5"", ""horse_name"": ""リュミエール"", ""sex_age"": ""セ7"", ""weight"": ""56.0"", ""jockey_name"": ""藤田凌"", ""trainer_name"": ""福永敏"", ""odds"": ""27.7"", ""popularity"": ""10""}, {""horse_number"": ""6"", ""horse_name"": ""レヴォリオ"", ""sex_age"": ""牡7"", ""weight"": ""53.0"", ""jockey_name"": ""木澤奨"", ""trainer_name"": ""村上頼章"", ""odds"": ""33.5"", ""popularity"": ""11""}, {""horse_number"": ""7"", ""horse_name"": ""イチニチショチョウ"", ""sex_age"": ""牡4"", ""weight"": ""56.0"", ""jockey_name"": ""菅原涼太"", ""trainer_name"": ""嶋田幸晴"", ""odds"": ""20.4"", ""popularity"": ""9""}, {""horse_number"": ""8"", ""horse_name"": ""ヨリナエスポワール"", ""sex_age"": ""牡4"", ""weight"": ""56.0"", ""jockey_name"": ""福原杏"", ""trainer_name"": ""吉井竜一"", ""odds"": ""96.5"", ""popularity"": ""13""}, {""horse_number"": ""9"", ""horse_name"": ""ブルマリンシェール"", ""sex_age"": ""牡5"", ""weight"": ""56.0"", ""jockey_name"": ""町田直希"", ""trainer_name"": ""佐野謙二"", ""odds"": ""3.1"", ""popularity"": ""1""}, {""horse_number"": ""10"", ""horse_name"": ""ダイアモンドモア"", ""sex_age"": ""牝5"", ""weight"": ""54.0"", ""jockey_name"": ""野畑凌"", ""trainer_name"": ""須田和伸"", ""odds"": ""19.2"", ""popularity"": ""8""}, {""horse_number"": ""11"", ""horse_name"": ""レイジングスラスト"", ""sex_age"": ""牡5"", ""weight"": ""55.0"", ""jockey_name"": ""鷹見陸"", ""trainer_name"": ""藤田輝信"", ""odds"": ""5.3"", ""popularity"": ""2""}, {""horse_number"": ""12"", ""horse_name"": ""ラバテラリュージュ"", ""sex_age"": ""牡5"", ""weight"": ""56.0"", ""jockey_name"": ""安藤洋一"", ""trainer_name"": ""佐野謙二"", ""odds"": ""7.6"", ""popularity"": ""4""}, {""horse_number"": ""13"", ""horse_name"": ""グラッブザトップ"", ""sex_age"": ""牡6"", ""weight"": ""54.0"", ""jockey_name"": ""谷内貫太"", ""trainer_name"": ""的場直之"", ""odds"": ""10.2"", ""popularity"": ""6""}]"
202544041503,3歳十1112(3歳11),3,大井,15:35,ダ1600m,,"[{""horse_number"": ""1"", ""horse_name"": ""ココロケショウ"", ""sex_age"": ""牝3"", ""weight"": ""54.0"", ""jockey_name"": ""瀬川将輝"", ""trainer_name"": ""井上弘之"", ""odds"": ""181.5"", ""popularity"": ""11""}, {""horse_number"": ""2"", ""horse_name"": ""グレイトキセキ"", ""sex_age"": ""牡3"", ""weight"": ""56.0"", ""jockey_name"": ""石川駿介"", ""trainer_name"": ""高岩孝敏"", ""odds"": ""8.1"", ""popularity"": ""3""}, {""horse_number"": ""3"", ""horse_name"": ""ブラックゴエ"", ""sex_age"": ""牡3"", ""weight"": ""56.0"", ""jockey_name"": ""山口達弥"", ""trainer_name"": ""渡部則夫"", ""odds"": ""21.9"", ""popularity"": ""8""}, {""horse_number"": ""4"", ""horse_name"": ""ゴーゴーゴウト"", ""sex_age"": ""牡3"", ""weight"": ""56.0"", ""jockey_name"": ""野畑凌"", ""trainer_name"": ""宗形竹見"", ""odds"": ""2.7"", ""popularity"": ""2""}, {""horse_number"": ""5"", ""horse_name"": ""フタバサクセス"", ""sex_age"": ""牡3"", ""weight"": ""56.0"", ""jockey_name"": ""西啓太"", ""trainer_name"": ""真島大輔"", ""odds"": ""8.1"", ""popularity"": ""4""}, {""horse_number"": ""6"", ""horse_name"": ""ウエノマルサンダー"", ""sex_age"": ""牡3"", ""weight"": ""56.0"", ""jockey_name"": ""達城龍次"", ""trainer_name"": ""井上弘之"", ""odds"": ""33.0"", ""popularity"": ""9""}, {""horse_number"": ""7"", ""horse_name"": ""ウィルマッチ"", ""sex_age"": ""牝3"", ""weight"": ""54.0"", ""jockey_name"": ""菅原涼太"", ""trainer_name"": ""栗田裕光"", ""odds"": ""20.5"", ""popularity"": ""6""}, {""horse_number"": ""8"", ""horse_name"": ""ジュリアン"", ""sex_age"": ""牝3"", ""weight"": ""54.0"", ""jockey_name"": ""笹川翼"", ""trainer_name"": ""橋本和馬"", ""odds"": ""2.6"", ""popularity"": ""1""}, {""horse_number"": ""9"", ""horse_name"": ""ウィルフィオーナ"", ""sex_age"": ""牝3"", ""weight"": ""54.0"", ""jockey_name"": ""吉井章"", ""trainer_name"": ""松浦裕之"", ""odds"": ""20.0"", ""popularity"": ""5""}, {""horse_number"": ""10"", ""horse_name"": ""オーラビルド"", ""sex_age"": ""牡3"", ""weight"": ""56.0"", ""jockey_name"": ""本田正重"", ""trainer_name"": ""田中正人"", ""odds"": ""56.9"", ""popularity"": ""10""}, {""horse_number"": ""11"", ""horse_name"": ""サンタマルティナ"", ""sex_age"": ""牝3"", ""weight"": ""53.0"", ""jockey_name"": ""鷹見陸"", ""trainer_name"": ""渡辺和雄"", ""odds"": ""20.9"", ""popularity"": ""7""}]"
202544041501,C3四五,1,大井,14:30,ダ1600m,,"[{""horse_number"": ""1"", ""horse_name"": ""ウォーバックス"", ""sex_age"": ""セ7"", ""weight"": ""56.0"", ""jockey_name"": ""池谷匠翔"", ""trainer_name"": ""遠藤茂"", ""odds"": ""35.0"", ""popularity"": ""9""}, {""horse_number"": ""2"", ""horse_name"": ""イッツバッド"", ""sex_age"": ""牝7"", ""weight"": ""52.0"", ""jockey_name"": ""谷内貫太"", ""trainer_name"": ""市村誠"", ""odds"": ""12.1"", ""popularity"": ""6""}, {""horse_number"": ""3"", ""horse_name"": ""ルグランブルー"", ""sex_age"": ""牝6"", ""weight"": ""54.0"", ""jockey_name"": ""藤田凌"", ""trainer_name"": ""佐宗応和"", ""odds"": ""4.3"", ""popularity"": ""2""}, {""horse_number"": ""4"", ""horse_name"": ""ポンドウェイヴ"", ""sex_age"": ""牝6"", ""weight"": ""54.0"", ""jockey_name"": ""篠谷葵"", ""trainer_name"": ""朝倉実"", ""odds"": ""20.8"", ""popularity"": ""8""}, {""horse_number"": ""5"", ""horse_name"": ""エヴィエニス"", ""sex_age"": ""牡4"", ""weight"": ""56.0"", ""jockey_name"": ""西啓太"", ""trainer_name"": ""荒井朋弘"", ""odds"": ""8.3"", ""popularity"": ""4""}, {""horse_number"": ""6"", ""horse_name"": ""シュヴァイゲン"", ""sex_age"": ""牡4"", ""weight"": ""56.0"", ""jockey_name"": ""江里口裕"", ""trainer_name"": ""佐野謙二"", ""odds"": ""13.4"", ""popularity"": ""7""}, {""horse_number"": ""7"", ""horse_name"": ""デリッサ"", ""sex_age"": ""牝5"", ""weight"": ""54.0"", ""jockey_name"": ""岡村健司"", ""trainer_name"": ""村上頼章"", ""odds"": ""3.1"", ""popularity"": ""1""}, {""horse_number"": ""8"", ""horse_name"": ""エクスプローラー"", ""sex_age"": ""牡6"", ""weight"": ""56.0"", ""jockey_name"": ""千田洋"", ""trainer_name"": ""納谷和玖"", ""odds"": ""55.2"", ""popularity"": ""10""}, {""horse_number"": ""9"", ""horse_name"": ""マヒナルーサー"", ""sex_age"": ""牡4"", ""weight"": ""56.0"", ""jockey_name"": ""達城龍次"", ""trainer_name"": ""朝倉実"", ""odds"": ""4.9"", ""popularity"": ""3""}, {""horse_number"": ""10"", ""horse_name"": ""ワスレガタミ"", ""sex_age"": ""牝5"", ""weight"": ""51.0"", ""jockey_name"": ""杉山海波"", ""trainer_name"": ""渡部則夫"", ""odds"": ""83.5"", ""popularity"": ""11""}, {""horse_number"": ""11"", ""horse_name"": ""マルヨリヴィエラ"", ""sex_age"": ""牝4"", ""weight"": ""54.0"", ""jockey_name"": ""菅原涼太"", ""trainer_name"": ""赤嶺本浩"", ""odds"": ""8.7"", ""popularity"": ""5""}]"
202544041504,3歳十1112(3歳11),4,大井,16:07,ダ1400m,,"[{""horse_number"": ""1"", ""horse_name"": ""シンプルスマイル"", ""sex_age"": ""牝3"", ""weight"": ""54.0"", ""jockey_name"": ""町田直希"", ""trainer_name"": ""市村誠"", ""odds"": ""60.3"", ""popularity"": ""9""}, {""horse_number"": ""2"", ""horse_name"": ""ブリングバンバン"", ""sex_age"": ""牡3"", ""weight"": ""56.0"", ""jockey_name"": ""新原周馬"", ""trainer_name"": ""堀江仁"", ""odds"": ""11.0"", ""popularity"": ""4""}, {""horse_number"": ""3"", ""horse_name"": ""フローズンキス"", ""sex_age"": ""牝3"", ""weight"": ""54.0"", ""jockey_name"": ""安藤洋一"", ""trainer_name"": ""荒山勝徳"", ""odds"": ""3.9"", ""popularity"": ""2""}, {""horse_number"": ""4"", ""horse_name"": ""オミソーレ"", ""sex_age"": ""牝3"", ""weight"": ""54.0"", ""jockey_name"": ""達城龍次"", ""trainer_name"": ""納谷和玖"", ""odds"": ""24.6"", ""popularity"": ""7""}, {""horse_number"": ""5"", ""horse_name"": ""クロフネビジョン"", ""sex_age"": ""牝3"", ""weight"": ""51.0"", ""jockey_name"": ""杉山海波"", ""trainer_name"": ""蛯名雄太"", ""odds"": ""66.9"", ""popularity"": ""11""}, {""horse_number"": ""6"", ""horse_name"": ""アフロライデル"", ""sex_age"": ""牡3"", ""weight"": ""56.0"", ""jockey_name"": ""本田正重"", ""trainer_name"": ""的場直之"", ""odds"": ""2.0"", ""popularity"": ""1""}, {""horse_number"": ""7"", ""horse_name"": ""イクノエイトナイン"", ""sex_age"": ""牝3"", ""weight"": ""54.0"", ""jockey_name"": ""千田洋"", ""trainer_name"": ""堀千亜樹"", ""odds"": ""21.6"", ""popularity"": ""6""}, {""horse_number"": ""8"", ""horse_name"": ""レモンフラッシュ"", ""sex_age"": ""牝3"", ""weight"": ""54.0"", ""jockey_name"": ""石川駿介"", ""trainer_name"": ""井上弘之"", ""odds"": ""421.8"", ""popularity"": ""14""}, {""horse_number"": ""9"", ""horse_name"": ""ユメミ"", ""sex_age"": ""牝3"", ""weight"": ""54.0"", ""jockey_name"": ""櫻井光輔"", ""trainer_name"": ""朝倉実"", ""odds"": ""61.9"", ""popularity"": ""10""}, {""horse_number"": ""10"", ""horse_name"": ""ユウユウマシェリ"", ""sex_age"": ""牝3"", ""weight"": ""51.0"", ""jockey_name"": ""加藤雄真"", ""trainer_name"": ""佐々木忠"", ""odds"": ""86.9"", ""popularity"": ""12""}, {""horse_number"": ""11"", ""horse_name"": ""ニューグローリー"", ""sex_age"": ""牝3"", ""weight"": ""51.0"", ""jockey_name"": ""小野俊斗"", ""trainer_name"": ""朝倉実"", ""odds"": ""146.6"", ""popularity"": ""13""}, {""horse_number"": ""12"", ""horse_name"": ""ダッシングマン"", ""sex_age"": ""牡3"", ""weight"": ""56.0"", ""jockey_name"": ""吉井章"", ""trainer_name"": ""中道啓二"", ""odds"": ""6.7"", ""popularity"": ""3""}, {""horse_number"": ""13"", ""horse_name"": ""ライジンバローズ"", ""sex_age"": ""牡3"", ""weight"": ""55.0"", ""jockey_name"": ""鷹見陸"", ""trainer_name"": ""福永敏"", ""odds"": ""28.7"", ""popularity"": ""8""}, {""horse_number"": ""14"", ""horse_name"": ""サブノアイナ"", ""sex_age"": ""牝3"", ""weight"": ""54.0"", ""jockey_name"": ""高野誠毅"", ""trainer_name"": ""鷹見浩"", ""odds"": ""15.4"", ""popularity"": ""5""}]"
202544041502,C3四五,2,大井,15:02,ダ1200m,,"[{""horse_number"": ""1"", ""horse_name"": ""ツクシ"", ""sex_age"": ""牝5"", ""weight"": ""54.0"", ""jockey_name"": ""瀬川将輝"", ""trainer_name"": ""大宮和也"", ""odds"": ""40.1"", ""popularity"": ""10""}, {""horse_number"": ""2"", ""horse_name"": ""ルルルンルン"", ""sex_age"": ""牝4"", ""weight"": ""54.0"", ""jockey_name"": ""笹川翼"", ""trainer_name"": ""朝倉実"", ""odds"": ""3.2"", ""popularity"": ""1""}, {""horse_number"": ""3"", ""horse_name"": ""ピックアンドロール"", ""sex_age"": ""牡4"", ""weight"": ""56.0"", ""jockey_name"": ""江里口裕"", ""trainer_name"": ""鷹見浩"", ""odds"": ""23.1"", ""popularity"": ""8""}, {""horse_number"": ""4"", ""horse_name"": ""レッドフローガ"", ""sex_age"": ""セ5"", ""weight"": ""56.0"", ""jockey_name"": ""千田洋"", ""trainer_name"": ""松浦裕之"", ""odds"": ""6.6"", ""popularity"": ""3""}, {""horse_number"": ""5"", ""horse_name"": ""ウーロン"", ""sex_age"": ""牝4"", ""weight"": ""54.0"", ""jockey_name"": ""東原悠善"", ""trainer_name"": ""佐々木洋"", ""odds"": ""62.5"", ""popularity"": ""12""}, {""horse_number"": ""6"", ""horse_name"": ""ヘデンバージャイト"", ""sex_age"": ""牝4"", ""weight"": ""54.0"", ""jockey_name"": ""石川駿介"", ""trainer_name"": ""松浦裕之"", ""odds"": ""75.0"", ""popularity"": ""13""}, {""horse_number"": ""7"", ""horse_name"": ""ナックレジェンド"", ""sex_age"": ""牡7"", ""weight"": ""56.0"", ""jockey_name"": ""高橋昭平"", ""trainer_name"": ""立花伸"", ""odds"": ""13.7"", ""popularity"": ""7""}, {""horse_number"": ""8"", ""horse_name"": ""ザゴート"", ""sex_age"": ""牝5"", ""weight"": ""54.0"", ""jockey_name"": ""藤田凌"", ""trainer_name"": ""荒井朋弘"", ""odds"": ""12.9"", ""popularity"": ""6""}, {""horse_number"": ""9"", ""horse_name"": ""ナツミカン"", ""sex_age"": ""牡4"", ""weight"": ""56.0"", ""jockey_name"": ""吉井章"", ""trainer_name"": ""中道啓二"", ""odds"": ""8.2"", ""popularity"": ""5""}, {""horse_number"": ""10"", ""horse_name"": ""アンリ"", ""sex_age"": ""牝4"", ""weight"": ""54.0"", ""jockey_name"": ""菅原涼太"", ""trainer_name"": ""渡部則夫"", ""odds"": ""259.4"", ""popularity"": ""14""}, {""horse_number"": ""11"", ""horse_name"": ""アルディオール"", ""sex_age"": ""牡4"", ""weight"": ""55.0"", ""jockey_name"": ""鷹見陸"", ""trainer_name"": ""澤佳宏"", ""odds"": ""25.8"", ""popularity"": ""9""}, {""horse_number"": ""12"", ""horse_name"": ""ゴールデンオージャ"", ""sex_age"": ""牡7"", ""weight"": ""54.0"", ""jockey_name"": ""谷内貫太"", ""trainer_name"": ""村上頼章"", ""odds"": ""4.3"", ""popularity"": ""2""}, {""horse_number"": ""13"", ""horse_name"": ""ユヌブリーズ"", ""sex_age"": ""牝4"", ""weight"": ""51.0"", ""jockey_name"": ""杉山海波"", ""trainer_name"": ""庄子昭彦"", ""odds"": ""59.5"", ""popularity"": ""11""}, {""horse_number"": ""14"", ""horse_name"": ""マーナーパス"", ""sex_age"": ""牡6"", ""weight"": ""56.0"", ""jockey_name"": ""遠藤健太"", ""trainer_name"": ""遠藤茂"", ""odds"": ""8.0"", ""popularity"": ""4""}]"
202546041501,C215,1,金沢,12:00,ダ1400m,,"[{""horse_number"": ""1"", ""horse_name"": ""ティアップファイト"", ""sex_age"": ""セ4"", ""weight"": ""57.0"", ""jockey_name"": ""栗原大河"", ""trainer_name"": ""菅原欣也"", ""odds"": ""9.1"", ""popularity"": ""4""}, {""horse_number"": ""2"", ""horse_name"": ""イチバンザクラ"", ""sex_age"": ""牝4"", ""weight"": ""55.0"", ""jockey_name"": ""松戸政也"", ""trainer_name"": ""藤田弘治"", ""odds"": ""13.5"", ""popularity"": ""6""}, {""horse_number"": ""3"", ""horse_name"": ""グレイトボヤージュ"", ""sex_age"": ""牡4"", ""weight"": ""57.0"", ""jockey_name"": ""葛山晃平"", ""trainer_name"": ""川添明弘"", ""odds"": ""21.3"", ""popularity"": ""10""}, {""horse_number"": ""4"", ""horse_name"": ""サッビアマーゴ"", ""sex_age"": ""牡7"", ""weight"": ""57.0"", ""jockey_name"": ""吉田晃浩"", ""trainer_name"": ""田嶋弘幸"", ""odds"": ""14.2"", ""popularity"": ""7""}, {""horse_number"": ""5"", ""horse_name"": ""ダイユウヒンギス"", ""sex_age"": ""牝4"", ""weight"": ""55.0"", ""jockey_name"": ""鈴木太一"", ""trainer_name"": ""室井眞文"", ""odds"": ""5.4"", ""popularity"": ""2""}, {""horse_number"": ""6"", ""horse_name"": ""シャインルビー"", ""sex_age"": ""牝8"", ""weight"": ""55.0"", ""jockey_name"": ""甲賀弘隆"", ""trainer_name"": ""中川雅之"", ""odds"": ""19.7"", ""popularity"": ""8""}, {""horse_number"": ""7"", ""horse_name"": ""ドーンコスモ"", ""sex_age"": ""牝4"", ""weight"": ""55.0"", ""jockey_name"": ""加藤翔馬"", ""trainer_name"": ""加藤和義"", ""odds"": ""12.0"", ""popularity"": ""5""}, {""horse_number"": ""8"", ""horse_name"": ""ランフォーリリーズ"", ""sex_age"": ""牝4"", ""weight"": ""55.0"", ""jockey_name"": ""服部大地"", ""trainer_name"": ""高橋優子"", ""odds"": ""20.8"", ""popularity"": ""9""}, {""horse_number"": ""9"", ""horse_name"": ""コイララ"", ""sex_age"": ""牡4"", ""weight"": ""57.0"", ""jockey_name"": ""青柳正義"", ""trainer_name"": ""鈴木正也"", ""odds"": ""6.7"", ""popularity"": ""3""}, {""horse_number"": ""10"", ""horse_name"": ""ラストニードル"", ""sex_age"": ""牝4"", ""weight"": ""55.0"", ""jockey_name"": ""柴田勇真"", ""trainer_name"": ""金田一昌"", ""odds"": ""2.3"", ""popularity"": ""1""}]"
202546041509,B23,9,金沢,16:45,ダ1400m,,"[{""horse_number"": ""1"", ""horse_name"": ""イテザ"", ""sex_age"": ""牡8"", ""weight"": ""57.0"", ""jockey_name"": ""吉田晃浩"", ""trainer_name"": ""鋤田誠二"", ""odds"": ""29.3"", ""popularity"": ""6""}, {""horse_number"": ""2"", ""horse_name"": ""スターマンモス"", ""sex_age"": ""牝4"", ""weight"": ""55.0"", ""jockey_name"": ""栗原大河"", ""trainer_name"": ""藤田弘治"", ""odds"": ""21.5"", ""popularity"": ""4""}, {""horse_number"": ""3"", ""horse_name"": ""モルフェブーケ"", ""sex_age"": ""牝5"", ""weight"": ""55.0"", ""jockey_name"": ""中島龍也"", ""trainer_name"": ""加藤和宏"", ""odds"": ""49.8"", ""popularity"": ""8""}, {""horse_number"": ""4"", ""horse_name"": ""デルマセイレーン"", ""sex_age"": ""牝6"", ""weight"": ""55.0"", ""jockey_name"": ""加藤翔馬"", ""trainer_name"": ""加藤和義"", ""odds"": ""102.3"", ""popularity"": ""10""}, {""horse_number"": ""5"", ""horse_name"": ""ドライカプチーノ"", ""sex_age"": ""牝5"", ""weight"": ""55.0"", ""jockey_name"": ""兼子千央"", ""trainer_name"": ""金田一昌"", ""odds"": ""21.9"", ""popularity"": ""5""}, {""horse_number"": ""6"", ""horse_name"": ""フユノダイサンカク"", ""sex_age"": ""牡6"", ""weight"": ""57.0"", ""jockey_name"": ""服部大地"", ""trainer_name"": ""加藤和義"", ""odds"": ""77.5"", ""popularity"": ""9""}, {""horse_number"": ""7"", ""horse_name"": ""アポロリリー"", ""sex_age"": ""牝8"", ""weight"": ""55.0"", ""jockey_name"": ""松戸政也"", ""trainer_name"": ""井樋一也"", ""odds"": ""41.9"", ""popularity"": ""7""}, {""horse_number"": ""8"", ""horse_name"": ""サンドジョーカー"", ""sex_age"": ""牡8"", ""weight"": ""57.0"", ""jockey_name"": ""吉原寛人"", ""trainer_name"": ""井樋一也"", ""odds"": ""2.4"", ""popularity"": ""2""}, {""horse_number"": ""9"", ""horse_name"": ""オウケンデューク"", ""sex_age"": ""セ5"", ""weight"": ""57.0"", ""jockey_name"": ""柴田勇真"", ""trainer_name"": ""池田敦"", ""odds"": ""1.7"", ""popularity"": ""1""}, {""horse_number"": ""10"", ""horse_name"": ""フィルムスコア"", ""sex_age"": ""牝7"", ""weight"": ""55.0"", ""jockey_name"": ""甲賀弘隆"", ""trainer_name"": ""黒木豊"", ""odds"": ""15.9"", ""popularity"": ""3""}, {""horse_number"": ""11"", ""horse_name"": ""エムオーポケット"", ""sex_age"": ""牡6"", ""weight"": ""57.0"", ""jockey_name"": ""鈴木太一"", ""trainer_name"": ""室井眞文"", ""odds"": ""301.4"", ""popularity"": ""11""}]"
202546041512,楽天ポイントで馬券が買える!楽天競馬特別(A1),12,金沢,18:30,ダ1700m,,"[{""horse_number"": ""1"", ""horse_name"": ""ブンブンマル"", ""sex_age"": ""牡7"", ""weight"": ""57.0"", ""jockey_name"": ""沖静男"", ""trainer_name"": ""川添明弘"", ""odds"": ""103.8"", ""popularity"": ""8""}, {""horse_number"": ""2"", ""horse_name"": ""マイブレイブ"", ""sex_age"": ""牡6"", ""weight"": ""57.0"", ""jockey_name"": ""中島龍也"", ""trainer_name"": ""井樋一也"", ""odds"": ""21.6"", ""popularity"": ""5""}, {""horse_number"": ""3"", ""horse_name"": ""グッドグロウス"", ""sex_age"": ""牡6"", ""weight"": ""57.0"", ""jockey_name"": ""米倉知"", ""trainer_name"": ""鈴木正也"", ""odds"": ""7.5"", ""popularity"": ""2""}, {""horse_number"": ""4"", ""horse_name"": ""ダブルアタック"", ""sex_age"": ""牡4"", ""weight"": ""57.0"", ""jockey_name"": ""柴田勇真"", ""trainer_name"": ""金田一昌"", ""odds"": ""126.8"", ""popularity"": ""9""}, {""horse_number"": ""5"", ""horse_name"": ""ナミダノキス"", ""sex_age"": ""牡4"", ""weight"": ""57.0"", ""jockey_name"": ""吉原寛人"", ""trainer_name"": ""金田一昌"", ""odds"": ""1.2"", ""popularity"": ""1""}, {""horse_number"": ""6"", ""horse_name"": ""イルミネーター"", ""sex_age"": ""牡8"", ""weight"": ""57.0"", ""jockey_name"": ""青柳正義"", ""trainer_name"": ""高橋俊之"", ""odds"": ""14.6"", ""popularity"": ""4""}, {""horse_number"": ""7"", ""horse_name"": ""イサムサンカ"", ""sex_age"": ""牡5"", ""weight"": ""57.0"", ""jockey_name"": ""吉田晃浩"", ""trainer_name"": ""佐藤茂"", ""odds"": ""8.1"", ""popularity"": ""3""}, {""horse_number"": ""8"", ""horse_name"": ""サバンナテソーロ"", ""sex_age"": ""牝5"", ""weight"": ""55.0"", ""jockey_name"": ""兼子千央"", ""trainer_name"": ""金田一昌"", ""odds"": ""999.9"", ""popularity"": ""10""}, {""horse_number"": ""9"", ""horse_name"": ""ハクサンアルタイル"", ""sex_age"": ""牡5"", ""weight"": ""57.0"", ""jockey_name"": ""栗原大河"", ""trainer_name"": ""堀場裕充"", ""odds"": ""27.3"", ""popularity"": ""6""}, {""horse_number"": ""10"", ""horse_name"": ""ハリウッドスマイル"", ""sex_age"": ""牝4"", ""weight"": ""55.0"", ""jockey_name"": ""加藤翔馬"", ""trainer_name"": ""中川雅之"", ""odds"": ""96.8"", ""popularity"": ""7""}]"
202550041511,春暖特別B1,11,園田,16:15,ダ1230m,,"[{""horse_number"": ""1"", ""horse_name"": ""ピースマッチング"", ""sex_age"": ""セ7"", ""weight"": ""57.0"", ""jockey_name"": ""井上幹太"", ""trainer_name"": ""茂崎正善"", ""odds"": ""121.2"", ""popularity"": ""7""}, {""horse_number"": ""2"", ""horse_name"": ""ダイジョバナイ"", ""sex_age"": ""牡4"", ""weight"": ""57.0"", ""jockey_name"": ""大山真吾"", ""trainer_name"": ""飯田良弘"", ""odds"": ""2.3"", ""popularity"": ""1""}, {""horse_number"": ""3"", ""horse_name"": ""ナリタシン"", ""sex_age"": ""牡5"", ""weight"": ""57.0"", ""jockey_name"": ""下原理"", ""trainer_name"": ""坂本和也"", ""odds"": ""5.0"", ""popularity"": ""4""}, {""horse_number"": ""4"", ""horse_name"": ""モカラエース"", ""sex_age"": ""牡5"", ""weight"": ""57.0"", ""jockey_name"": ""大山龍太"", ""trainer_name"": ""北野真弘"", ""odds"": ""10.8"", ""popularity"": ""5""}, {""horse_number"": ""5"", ""horse_name"": ""ホクザンバーリイ"", ""sex_age"": ""牡4"", ""weight"": ""57.0"", ""jockey_name"": ""永井孝典"", ""trainer_name"": ""橋本忠明"", ""odds"": ""4.5"", ""popularity"": ""3""}, {""horse_number"": ""6"", ""horse_name"": ""ブラックリバー"", ""sex_age"": ""牝4"", ""weight"": ""55.0"", ""jockey_name"": ""松木大地"", ""trainer_name"": ""西川進也"", ""odds"": ""90.1"", ""popularity"": ""6""}, {""horse_number"": ""7"", ""horse_name"": ""アイソラシー"", ""sex_age"": ""牝5"", ""weight"": ""52.0"", ""jockey_name"": ""小谷哲平"", ""trainer_name"": ""溝橋利喜"", ""odds"": ""242.7"", ""popularity"": ""8""}, {""horse_number"": ""8"", ""horse_name"": ""カルラファクター"", ""sex_age"": ""牝6"", ""weight"": ""52.0"", ""jockey_name"": ""米玉利燕"", ""trainer_name"": ""保利良平"", ""odds"": ""3.7"", ""popularity"": ""2""}]"
202546041508,C28,8,金沢,16:10,ダ1500m,,"[{""horse_number"": ""1"", ""horse_name"": ""ジュネスヒマリ"", ""sex_age"": ""牝4"", ""weight"": ""55.0"", ""jockey_name"": ""中島龍也"", ""trainer_name"": ""佐藤茂"", ""odds"": ""1.5"", ""popularity"": ""1""}, {""horse_number"": ""2"", ""horse_name"": ""ホウオウシーザー"", ""sex_age"": ""牡4"", ""weight"": ""57.0"", ""jockey_name"": ""栗原大河"", ""trainer_name"": ""加藤和宏"", ""odds"": ""8.0"", ""popularity"": ""3""}, {""horse_number"": ""3"", ""horse_name"": ""ディーノショウミョ"", ""sex_age"": ""牝4"", ""weight"": ""55.0"", ""jockey_name"": ""吉田晃浩"", ""trainer_name"": ""池田敦"", ""odds"": ""31.1"", ""popularity"": ""7""}, {""horse_number"": ""4"", ""horse_name"": ""ラインレインボー"", ""sex_age"": ""牝4"", ""weight"": ""55.0"", ""jockey_name"": ""鈴木太一"", ""trainer_name"": ""井樋一也"", ""odds"": ""16.5"", ""popularity"": ""6""}, {""horse_number"": ""5"", ""horse_name"": ""モンテレオン"", ""sex_age"": ""牡4"", ""weight"": ""57.0"", ""jockey_name"": ""青柳正義"", ""trainer_name"": ""高橋俊之"", ""odds"": ""7.8"", ""popularity"": ""2""}, {""horse_number"": ""6"", ""horse_name"": ""メイショウメイボク"", ""sex_age"": ""牝4"", ""weight"": ""55.0"", ""jockey_name"": ""松戸政也"", ""trainer_name"": ""藤田弘治"", ""odds"": ""10.8"", ""popularity"": ""5""}, {""horse_number"": ""7"", ""horse_name"": ""シルバヴール"", ""sex_age"": ""牝4"", ""weight"": ""55.0"", ""jockey_name"": ""甲賀弘隆"", ""trainer_name"": ""中川雅之"", ""odds"": ""34.0"", ""popularity"": ""8""}, {""horse_number"": ""8"", ""horse_name"": ""ピナーカ"", ""sex_age"": ""牡4"", ""weight"": ""57.0"", ""jockey_name"": ""米倉知"", ""trainer_name"": ""堀場裕充"", ""odds"": ""10.6"", ""popularity"": ""4""}, {""horse_number"": ""9"", ""horse_name"": ""リトリーブ"", ""sex_age"": ""牡5"", ""weight"": ""57.0"", ""jockey_name"": ""葛山晃平"", ""trainer_name"": ""菅原欣也"", ""odds"": ""72.2"", ""popularity"": ""10""}, {""horse_number"": ""10"", ""horse_name"": ""リコーパイソン"", ""sex_age"": ""牡10"", ""weight"": ""57.0"", ""jockey_name"": ""柴田勇真"", ""trainer_name"": ""加藤和宏"", ""odds"": ""47.8"", ""popularity"": ""9""}]"
202546041503,C213,3,金沢,13:10,ダ1400m,,"[{""horse_number"": ""1"", ""horse_name"": ""ゴマスノー"", ""sex_age"": ""牝4"", ""weight"": ""55.0"", ""jockey_name"": ""鈴木太一"", ""trainer_name"": ""室井眞文"", ""odds"": ""407.7"", ""popularity"": ""10""}, {""horse_number"": ""2"", ""horse_name"": ""マジックワールド"", ""sex_age"": ""牝4"", ""weight"": ""55.0"", ""jockey_name"": ""栗原大河"", ""trainer_name"": ""加藤和宏"", ""odds"": ""25.5"", ""popularity"": ""2""}, {""horse_number"": ""3"", ""horse_name"": ""ダスティー"", ""sex_age"": ""セ4"", ""weight"": ""57.0"", ""jockey_name"": ""平瀬城久"", ""trainer_name"": ""加藤和義"", ""odds"": ""37.2"", ""popularity"": ""4""}, {""horse_number"": ""4"", ""horse_name"": ""ネオアスペクト"", ""sex_age"": ""牡7"", ""weight"": ""57.0"", ""jockey_name"": ""中島龍也"", ""trainer_name"": ""加藤和宏"", ""odds"": ""62.3"", ""popularity"": ""6""}, {""horse_number"": ""5"", ""horse_name"": ""グランパープル"", ""sex_age"": ""牡4"", ""weight"": ""57.0"", ""jockey_name"": ""柴田勇真"", ""trainer_name"": ""菅原欣也"", ""odds"": ""36.9"", ""popularity"": ""3""}, {""horse_number"": ""6"", ""horse_name"": ""ルーナ"", ""sex_age"": ""牝4"", ""weight"": ""55.0"", ""jockey_name"": ""松戸政也"", ""trainer_name"": ""田嶋弘幸"", ""odds"": ""38.8"", ""popularity"": ""5""}, {""horse_number"": ""7"", ""horse_name"": ""ホークビッツ"", ""sex_age"": ""牝4"", ""weight"": ""55.0"", ""jockey_name"": ""兼子千央"", ""trainer_name"": ""宗綱泰彦"", ""odds"": ""138.5"", ""popularity"": ""8""}, {""horse_number"": ""8"", ""horse_name"": ""ネイバーアイランド"", ""sex_age"": ""牝7"", ""weight"": ""55.0"", ""jockey_name"": ""吉田晃浩"", ""trainer_name"": ""鋤田誠二"", ""odds"": ""81.0"", ""popularity"": ""7""}, {""horse_number"": ""9"", ""horse_name"": ""ハルカナネガイ"", ""sex_age"": ""牝6"", ""weight"": ""55.0"", ""jockey_name"": ""青柳正義"", ""trainer_name"": ""高橋優子"", ""odds"": ""1.0"", ""popularity"": ""1""}, {""horse_number"": ""10"", ""horse_name"": ""ピュアステート"", ""sex_age"": ""牡5"", ""weight"": ""57.0"", ""jockey_name"": ""沖静男"", ""trainer_name"": ""宗綱泰彦"", ""odds"": ""145.1"", ""popularity"": ""9""}]"
202550041505,波豆7ハロンC3一,5,園田,12:50,ダ1400m,,"[{""horse_number"": ""1"", ""horse_name"": ""マオノヴァイザー"", ""sex_age"": ""牡7"", ""weight"": ""57.0"", ""jockey_name"": ""川原正一"", ""trainer_name"": ""諏訪貴正"", ""odds"": ""34.2"", ""popularity"": ""10""}, {""horse_number"": ""2"", ""horse_name"": ""マエストロライト"", ""sex_age"": ""牡4"", ""weight"": ""56.0"", ""jockey_name"": ""土方颯太"", ""trainer_name"": ""小牧毅"", ""odds"": ""10.7"", ""popularity"": ""6""}, {""horse_number"": ""3"", ""horse_name"": ""レッドアクトゥール"", ""sex_age"": ""牡6"", ""weight"": ""54.0"", ""jockey_name"": ""小谷哲平"", ""trainer_name"": ""溝橋利喜"", ""odds"": ""5.8"", ""popularity"": ""3""}, {""horse_number"": ""4"", ""horse_name"": ""ワンダートリガー"", ""sex_age"": ""牡6"", ""weight"": ""57.0"", ""jockey_name"": ""下原理"", ""trainer_name"": ""西川進也"", ""odds"": ""7.6"", ""popularity"": ""5""}, {""horse_number"": ""5"", ""horse_name"": ""イッシン"", ""sex_age"": ""牡8"", ""weight"": ""57.0"", ""jockey_name"": ""渡瀬和幸"", ""trainer_name"": ""新井隆太"", ""odds"": ""4.0"", ""popularity"": ""1""}, {""horse_number"": ""6"", ""horse_name"": ""メイショウヨウホウ"", ""sex_age"": ""牡6"", ""weight"": ""57.0"", ""jockey_name"": ""長尾翼玖"", ""trainer_name"": ""野田忍"", ""odds"": ""66.3"", ""popularity"": ""11""}, {""horse_number"": ""7"", ""horse_name"": ""タッケンウルル"", ""sex_age"": ""牝4"", ""weight"": ""55.0"", ""jockey_name"": ""廣瀬航"", ""trainer_name"": ""田中範雄"", ""odds"": ""20.1"", ""popularity"": ""9""}, {""horse_number"": ""8"", ""horse_name"": ""レオフューチャー"", ""sex_age"": ""セ7"", ""weight"": ""57.0"", ""jockey_name"": ""石堂響"", ""trainer_name"": ""野田忍"", ""odds"": ""18.8"", ""popularity"": ""8""}, {""horse_number"": ""9"", ""horse_name"": ""グランプリシップ"", ""sex_age"": ""牡11"", ""weight"": ""57.0"", ""jockey_name"": ""田野豊三"", ""trainer_name"": ""稻田彰宏"", ""odds"": ""15.0"", ""popularity"": ""7""}, {""horse_number"": ""10"", ""horse_name"": ""ララアンセストラル"", ""sex_age"": ""牡6"", ""weight"": ""57.0"", ""jockey_name"": ""大山真吾"", ""trainer_name"": ""碇清次郎"", ""odds"": ""4.5"", ""popularity"": ""2""}, {""horse_number"": ""11"", ""horse_name"": ""ジェイデン"", ""sex_age"": ""牡6"", ""weight"": ""56.0"", ""jockey_name"": ""山本屋太"", ""trainer_name"": ""藤川純"", ""odds"": ""6.1"", ""popularity"": ""4""}]"
202544041505,3歳十1112(3歳11),5,大井,16:40,ダ1200m,,"[{""horse_number"": ""1"", ""horse_name"": ""ツバメノコヤスガイ"", ""sex_age"": ""牝3"", ""weight"": ""54.0"", ""jockey_name"": ""町田直希"", ""trainer_name"": ""宗形竹見"", ""odds"": ""12.9"", ""popularity"": ""4""}, {""horse_number"": ""2"", ""horse_name"": ""ゴルデューク"", ""sex_age"": ""牡3"", ""weight"": ""56.0"", ""jockey_name"": ""田中洸多"", ""trainer_name"": ""小野寺晋"", ""odds"": ""76.4"", ""popularity"": ""13""}, {""horse_number"": ""3"", ""horse_name"": ""プロシュ"", ""sex_age"": ""牝3"", ""weight"": ""51.0"", ""jockey_name"": ""小野俊斗"", ""trainer_name"": ""佐々木忠"", ""odds"": ""37.2"", ""popularity"": ""10""}, {""horse_number"": ""4"", ""horse_name"": ""ゴージャスレディ"", ""sex_age"": ""牝3"", ""weight"": ""52.0"", ""jockey_name"": ""谷内貫太"", ""trainer_name"": ""福永敏"", ""odds"": ""9.4"", ""popularity"": ""3""}, {""horse_number"": ""5"", ""horse_name"": ""プチビーンズ"", ""sex_age"": ""牝3"", ""weight"": ""51.0"", ""jockey_name"": ""杉山海波"", ""trainer_name"": ""大宮和也"", ""odds"": ""30.2"", ""popularity"": ""9""}, {""horse_number"": ""6"", ""horse_name"": ""カリプソール"", ""sex_age"": ""牝3"", ""weight"": ""54.0"", ""jockey_name"": ""篠谷葵"", ""trainer_name"": ""佐野謙二"", ""odds"": ""54.2"", ""popularity"": ""12""}, {""horse_number"": ""7"", ""horse_name"": ""プレミアリッチ"", ""sex_age"": ""牝3"", ""weight"": ""53.0"", ""jockey_name"": ""鷹見陸"", ""trainer_name"": ""月岡健二"", ""odds"": ""29.6"", ""popularity"": ""7""}, {""horse_number"": ""8"", ""horse_name"": ""ハッピーキングダム"", ""sex_age"": ""牝3"", ""weight"": ""54.0"", ""jockey_name"": ""西啓太"", ""trainer_name"": ""鈴木啓之"", ""odds"": ""16.7"", ""popularity"": ""5""}, {""horse_number"": ""9"", ""horse_name"": ""ジョンノコトバ"", ""sex_age"": ""セ3"", ""weight"": ""56.0"", ""jockey_name"": ""吉井章"", ""trainer_name"": ""朝倉実"", ""odds"": ""29.8"", ""popularity"": ""8""}, {""horse_number"": ""10"", ""horse_name"": ""アイオンザボール"", ""sex_age"": ""牝3"", ""weight"": ""54.0"", ""jockey_name"": ""野畑凌"", ""trainer_name"": ""藤田輝信"", ""odds"": ""17.0"", ""popularity"": ""6""}, {""horse_number"": ""11"", ""horse_name"": ""シタパンツ"", ""sex_age"": ""牡3"", ""weight"": ""56.0"", ""jockey_name"": ""達城龍次"", ""trainer_name"": ""立花伸"", ""odds"": ""4.3"", ""popularity"": ""2""}, {""horse_number"": ""12"", ""horse_name"": ""ストライクルックス"", ""sex_age"": ""牝3"", ""weight"": ""54.0"", ""jockey_name"": ""安藤洋一"", ""trainer_name"": ""赤嶺亮"", ""odds"": ""53.2"", ""popularity"": ""11""}, {""horse_number"": ""13"", ""horse_name"": ""ピッピーノ"", ""sex_age"": ""牡3"", ""weight"": ""56.0"", ""jockey_name"": ""高野誠毅"", ""trainer_name"": ""赤嶺本浩"", ""odds"": ""77.0"", ""popularity"": ""14""}, {""horse_number"": ""14"", ""horse_name"": ""ワイドレギオー"", ""sex_age"": ""牝3"", ""weight"": ""54.0"", ""jockey_name"": ""笹川翼"", ""trainer_name"": ""森下淳平"", ""odds"": ""1.9"", ""popularity"": ""1""}]"
202550041512,モクレン賞C2,12,園田,16:50,ダ1230m,,"[{""horse_number"": ""1"", ""horse_name"": ""シミーシェイク"", ""sex_age"": ""牝5"", ""weight"": ""55.0"", ""jockey_name"": ""長谷部駿"", ""trainer_name"": ""永島太郎"", ""odds"": ""5.5"", ""popularity"": ""4""}, {""horse_number"": ""2"", ""horse_name"": ""ジャングルマリサ"", ""sex_age"": ""牝4"", ""weight"": ""55.0"", ""jockey_name"": ""竹村達也"", ""trainer_name"": ""徳本慶一"", ""odds"": ""60.0"", ""popularity"": ""10""}, {""horse_number"": ""3"", ""horse_name"": ""カイラシ"", ""sex_age"": ""牝5"", ""weight"": ""55.0"", ""jockey_name"": ""井上幹太"", ""trainer_name"": ""田中範雄"", ""odds"": ""28.0"", ""popularity"": ""6""}, {""horse_number"": ""4"", ""horse_name"": ""アイアンムーン"", ""sex_age"": ""牡5"", ""weight"": ""58.0"", ""jockey_name"": ""松木大地"", ""trainer_name"": ""玉垣光章"", ""odds"": ""3.3"", ""popularity"": ""2""}, {""horse_number"": ""5"", ""horse_name"": ""ラント"", ""sex_age"": ""牝7"", ""weight"": ""55.0"", ""jockey_name"": ""廣瀬航"", ""trainer_name"": ""高馬元紘"", ""odds"": ""13.8"", ""popularity"": ""5""}, {""horse_number"": ""6"", ""horse_name"": ""ナムラハカ"", ""sex_age"": ""牡7"", ""weight"": ""57.0"", ""jockey_name"": ""石堂響"", ""trainer_name"": ""長南和宏"", ""odds"": ""149.1"", ""popularity"": ""12""}, {""horse_number"": ""7"", ""horse_name"": ""ピュアケミストリー"", ""sex_age"": ""牝4"", ""weight"": ""55.0"", ""jockey_name"": ""吉村智洋"", ""trainer_name"": ""飯田良弘"", ""odds"": ""2.8"", ""popularity"": ""1""}, {""horse_number"": ""8"", ""horse_name"": ""ネヴァタップアウト"", ""sex_age"": ""牡8"", ""weight"": ""54.0"", ""jockey_name"": ""高橋愛叶"", ""trainer_name"": ""大山寿文"", ""odds"": ""58.9"", ""popularity"": ""9""}, {""horse_number"": ""9"", ""horse_name"": ""ドゴン"", ""sex_age"": ""牡6"", ""weight"": ""57.0"", ""jockey_name"": ""永井孝典"", ""trainer_name"": ""盛本信春"", ""odds"": ""57.8"", ""popularity"": ""8""}, {""horse_number"": ""10"", ""horse_name"": ""カドサンガンバル"", ""sex_age"": ""牡4"", ""weight"": ""57.0"", ""jockey_name"": ""山本咲希"", ""trainer_name"": ""石橋満"", ""odds"": ""33.8"", ""popularity"": ""7""}, {""horse_number"": ""11"", ""horse_name"": ""シャドフ"", ""sex_age"": ""牝4"", ""weight"": ""55.0"", ""jockey_name"": ""下原理"", ""trainer_name"": ""柏原誠路"", ""odds"": ""4.8"", ""popularity"": ""3""}, {""horse_number"": ""12"", ""horse_name"": ""プロミット"", ""sex_age"": ""セ4"", ""weight"": ""54.0"", ""jockey_name"": ""米玉利燕"", ""trainer_name"": ""新井隆太"", ""odds"": ""98.2"", ""popularity"": ""11""}]"
202546041510,プロボウラー岩見彩乃★生誕記念(B2),10,金沢,17:20,ダ1500m,,"[{""horse_number"": ""1"", ""horse_name"": ""メイショウゴルシ"", ""sex_age"": ""牡5"", ""weight"": ""57.0"", ""jockey_name"": ""中島龍也"", ""trainer_name"": ""加藤和宏"", ""odds"": ""3.4"", ""popularity"": ""1""}, {""horse_number"": ""2"", ""horse_name"": ""エイシンティップス"", ""sex_age"": ""牡7"", ""weight"": ""57.0"", ""jockey_name"": ""青柳正義"", ""trainer_name"": ""鋤田誠二"", ""odds"": ""3.6"", ""popularity"": ""2""}, {""horse_number"": ""3"", ""horse_name"": ""タイガードラゴン"", ""sex_age"": ""牡4"", ""weight"": ""57.0"", ""jockey_name"": ""沖静男"", ""trainer_name"": ""川添明弘"", ""odds"": ""78.2"", ""popularity"": ""10""}, {""horse_number"": ""4"", ""horse_name"": ""メイショウオジマ"", ""sex_age"": ""牡5"", ""weight"": ""57.0"", ""jockey_name"": ""葛山晃平"", ""trainer_name"": ""菅原欣也"", ""odds"": ""112.4"", ""popularity"": ""11""}, {""horse_number"": ""5"", ""horse_name"": ""ユメカナウトキ"", ""sex_age"": ""セ5"", ""weight"": ""57.0"", ""jockey_name"": ""吉田晃浩"", ""trainer_name"": ""佐藤茂"", ""odds"": ""9.9"", ""popularity"": ""4""}, {""horse_number"": ""6"", ""horse_name"": ""ロマンチックボーイ"", ""sex_age"": ""牡5"", ""weight"": ""57.0"", ""jockey_name"": ""栗原大河"", ""trainer_name"": ""野田幸雄"", ""odds"": ""10.8"", ""popularity"": ""7""}, {""horse_number"": ""7"", ""horse_name"": ""グランシャスール"", ""sex_age"": ""牡5"", ""weight"": ""57.0"", ""jockey_name"": ""柴田勇真"", ""trainer_name"": ""田嶋弘幸"", ""odds"": ""42.6"", ""popularity"": ""9""}, {""horse_number"": ""8"", ""horse_name"": ""グラシアーノ"", ""sex_age"": ""牝5"", ""weight"": ""55.0"", ""jockey_name"": ""加藤翔馬"", ""trainer_name"": ""堀場裕充"", ""odds"": ""9.9"", ""popularity"": ""5""}, {""horse_number"": ""9"", ""horse_name"": ""ムゲーテスペランサ"", ""sex_age"": ""牝4"", ""weight"": ""55.0"", ""jockey_name"": ""米倉知"", ""trainer_name"": ""佐藤茂"", ""odds"": ""5.3"", ""popularity"": ""3""}, {""horse_number"": ""10"", ""horse_name"": ""デルマスソバライ"", ""sex_age"": ""牝5"", ""weight"": ""55.0"", ""jockey_name"": ""吉原寛人"", ""trainer_name"": ""加藤和義"", ""odds"": ""10.4"", ""popularity"": ""6""}, {""horse_number"": ""11"", ""horse_name"": ""シンクロゲイザー"", ""sex_age"": ""牡8"", ""weight"": ""57.0"", ""jockey_name"": ""鈴木太一"", ""trainer_name"": ""井樋一也"", ""odds"": ""19.9"", ""popularity"": ""8""}]"
202544041506,C2111213(C212),6,大井,17:12,ダ1600m,,"[{""horse_number"": ""1"", ""horse_name"": ""グレーターホープ"", ""sex_age"": ""牡5"", ""weight"": ""56.0"", ""jockey_name"": ""吉井章"", ""trainer_name"": ""月岡健二"", ""odds"": ""7.7"", ""popularity"": ""4""}, {""horse_number"": ""2"", ""horse_name"": ""ブリックバーン"", ""sex_age"": ""セ4"", ""weight"": ""56.0"", ""jockey_name"": ""野畑凌"", ""trainer_name"": ""渡辺和雄"", ""odds"": ""6.7"", ""popularity"": ""2""}, {""horse_number"": ""3"", ""horse_name"": ""ダノンアルプス"", ""sex_age"": ""牡4"", ""weight"": ""56.0"", ""jockey_name"": ""安藤洋一"", ""trainer_name"": ""坂井英光"", ""odds"": ""1.8"", ""popularity"": ""1""}, {""horse_number"": ""4"", ""horse_name"": ""モデュレーション"", ""sex_age"": ""牝4"", ""weight"": ""54.0"", ""jockey_name"": ""本田正重"", ""trainer_name"": ""藤田輝信"", ""odds"": ""17.9"", ""popularity"": ""6""}, {""horse_number"": ""5"", ""horse_name"": ""ポルトディタリー"", ""sex_age"": ""牡5"", ""weight"": ""56.0"", ""jockey_name"": ""Ｒ．クア"", ""trainer_name"": ""久保杉隆"", ""odds"": ""8.9"", ""popularity"": ""5""}, {""horse_number"": ""6"", ""horse_name"": ""ウイントルヴェール"", ""sex_age"": ""牡5"", ""weight"": ""56.0"", ""jockey_name"": ""東原悠善"", ""trainer_name"": ""庄子昭彦"", ""odds"": ""118.7"", ""popularity"": ""9""}, {""horse_number"": ""7"", ""horse_name"": ""ヴァルドスター"", ""sex_age"": ""牡4"", ""weight"": ""56.0"", ""jockey_name"": ""山林堂信"", ""trainer_name"": ""小野寺晋"", ""odds"": ""7.2"", ""popularity"": ""3""}, {""horse_number"": ""8"", ""horse_name"": ""ハカイシン"", ""sex_age"": ""牡5"", ""weight"": ""56.0"", ""jockey_name"": ""岡村健司"", ""trainer_name"": ""渡辺和雄"", ""odds"": ""19.0"", ""popularity"": ""7""}, {""horse_number"": ""9"", ""horse_name"": ""サヴァリア"", ""sex_age"": ""牝5"", ""weight"": ""51.0"", ""jockey_name"": ""小野俊斗"", ""trainer_name"": ""宗形竹見"", ""odds"": ""19.9"", ""popularity"": ""8""}]"
202550041509,C1二,9,園田,15:05,ダ1400m,,"[{""horse_number"": ""1"", ""horse_name"": ""アグネスシュウ"", ""sex_age"": ""セ5"", ""weight"": ""56.0"", ""jockey_name"": ""新庄海誠"", ""trainer_name"": ""岡田利一"", ""odds"": ""1.9"", ""popularity"": ""1""}, {""horse_number"": ""2"", ""horse_name"": ""ラズライトサナ"", ""sex_age"": ""牝5"", ""weight"": ""55.0"", ""jockey_name"": ""山田雄大"", ""trainer_name"": ""黒田隆男"", ""odds"": ""165.8"", ""popularity"": ""9""}, {""horse_number"": ""3"", ""horse_name"": ""スーパークール"", ""sex_age"": ""セ5"", ""weight"": ""57.0"", ""jockey_name"": ""吉村智洋"", ""trainer_name"": ""尾林幸二"", ""odds"": ""11.0"", ""popularity"": ""4""}, {""horse_number"": ""4"", ""horse_name"": ""キャルベイクルーズ"", ""sex_age"": ""牡4"", ""weight"": ""57.0"", ""jockey_name"": ""川原正一"", ""trainer_name"": ""森澤友貴"", ""odds"": ""5.8"", ""popularity"": ""3""}, {""horse_number"": ""5"", ""horse_name"": ""リリーズブルーム"", ""sex_age"": ""牝4"", ""weight"": ""55.0"", ""jockey_name"": ""小牧太"", ""trainer_name"": ""保利良平"", ""odds"": ""5.2"", ""popularity"": ""2""}, {""horse_number"": ""6"", ""horse_name"": ""カズマ"", ""sex_age"": ""牝4"", ""weight"": ""55.0"", ""jockey_name"": ""笹田知宏"", ""trainer_name"": ""松平幸秀"", ""odds"": ""15.3"", ""popularity"": ""7""}, {""horse_number"": ""7"", ""horse_name"": ""タプチャン"", ""sex_age"": ""牡4"", ""weight"": ""57.0"", ""jockey_name"": ""長谷部駿"", ""trainer_name"": ""木村健"", ""odds"": ""42.2"", ""popularity"": ""8""}, {""horse_number"": ""8"", ""horse_name"": ""ジャスティンユウジ"", ""sex_age"": ""牡5"", ""weight"": ""54.0"", ""jockey_name"": ""米玉利燕"", ""trainer_name"": ""森澤友貴"", ""odds"": ""11.3"", ""popularity"": ""5""}, {""horse_number"": ""9"", ""horse_name"": ""ココシャンパーニュ"", ""sex_age"": ""牝4"", ""weight"": ""55.0"", ""jockey_name"": ""下原理"", ""trainer_name"": ""橋本忠明"", ""odds"": ""11.5"", ""popularity"": ""6""}]"
202550041506,C2二,6,園田,13:20,ダ1400m,,"[{""horse_number"": ""1"", ""horse_name"": ""ピエナフェリーチェ"", ""sex_age"": ""牝4"", ""weight"": ""52.0"", ""jockey_name"": ""小谷哲平"", ""trainer_name"": ""玉垣光章"", ""odds"": ""4.5"", ""popularity"": ""3""}, {""horse_number"": ""2"", ""horse_name"": ""エイシンセレナ"", ""sex_age"": ""牝5"", ""weight"": ""55.0"", ""jockey_name"": ""大山真吾"", ""trainer_name"": ""三宅直之"", ""odds"": ""46.1"", ""popularity"": ""7""}, {""horse_number"": ""3"", ""horse_name"": ""グリーナリー"", ""sex_age"": ""牡8"", ""weight"": ""57.0"", ""jockey_name"": ""中田貴士"", ""trainer_name"": ""北野真弘"", ""odds"": ""9.7"", ""popularity"": ""4""}, {""horse_number"": ""4"", ""horse_name"": ""グアラニア"", ""sex_age"": ""牡4"", ""weight"": ""57.0"", ""jockey_name"": ""小牧太"", ""trainer_name"": ""森澤友貴"", ""odds"": ""2.3"", ""popularity"": ""1""}, {""horse_number"": ""5"", ""horse_name"": ""ビップピュアエース"", ""sex_age"": ""牝5"", ""weight"": ""55.0"", ""jockey_name"": ""廣瀬航"", ""trainer_name"": ""高馬元紘"", ""odds"": ""17.9"", ""popularity"": ""5""}, {""horse_number"": ""6"", ""horse_name"": ""キャンベル"", ""sex_age"": ""牝5"", ""weight"": ""55.0"", ""jockey_name"": ""高畑皓一"", ""trainer_name"": ""三宅直之"", ""odds"": ""197.9"", ""popularity"": ""9""}, {""horse_number"": ""7"", ""horse_name"": ""パワーロワ"", ""sex_age"": ""牡9"", ""weight"": ""55.0"", ""jockey_name"": ""佐々木世"", ""trainer_name"": ""尾林幸二"", ""odds"": ""152.5"", ""popularity"": ""8""}, {""horse_number"": ""8"", ""horse_name"": ""アスタウンデッド"", ""sex_age"": ""牡8"", ""weight"": ""57.0"", ""jockey_name"": ""松木大地"", ""trainer_name"": ""西村守幸"", ""odds"": ""27.5"", ""popularity"": ""6""}, {""horse_number"": ""9"", ""horse_name"": ""キークラシック"", ""sex_age"": ""牡5"", ""weight"": ""57.0"", ""jockey_name"": ""吉村智洋"", ""trainer_name"": ""吉見真幸"", ""odds"": ""2.8"", ""popularity"": ""2""}]"
202550041501,C3四,1,園田,10:40,ダ1400m,,"[{""horse_number"": ""1"", ""horse_name"": ""アインハーディ"", ""sex_age"": ""牝4"", ""weight"": ""51.0"", ""jockey_name"": ""塩津璃菜"", ""trainer_name"": ""山元博徳"", ""odds"": ""81.3"", ""popularity"": ""11""}, {""horse_number"": ""2"", ""horse_name"": ""テクノハッピー"", ""sex_age"": ""牡4"", ""weight"": ""57.0"", ""jockey_name"": ""小牧太"", ""trainer_name"": ""中塚猛"", ""odds"": ""3.1"", ""popularity"": ""2""}, {""horse_number"": ""3"", ""horse_name"": ""ハーラブリー"", ""sex_age"": ""牝6"", ""weight"": ""52.0"", ""jockey_name"": ""小谷哲平"", ""trainer_name"": ""尾原強"", ""odds"": ""9.7"", ""popularity"": ""3""}, {""horse_number"": ""4"", ""horse_name"": ""サンライズアトム"", ""sex_age"": ""牝6"", ""weight"": ""55.0"", ""jockey_name"": ""竹村達也"", ""trainer_name"": ""岡田利一"", ""odds"": ""16.5"", ""popularity"": ""6""}, {""horse_number"": ""5"", ""horse_name"": ""キングレノン"", ""sex_age"": ""牡4"", ""weight"": ""54.0"", ""jockey_name"": ""米玉利燕"", ""trainer_name"": ""保利良次"", ""odds"": ""2.5"", ""popularity"": ""1""}, {""horse_number"": ""6"", ""horse_name"": ""メイレーヴ"", ""sex_age"": ""牝5"", ""weight"": ""55.0"", ""jockey_name"": ""杉浦健太"", ""trainer_name"": ""保利幸作"", ""odds"": ""15.5"", ""popularity"": ""5""}, {""horse_number"": ""7"", ""horse_name"": ""ワンダージェラート"", ""sex_age"": ""牡8"", ""weight"": ""57.0"", ""jockey_name"": ""板野央"", ""trainer_name"": ""西村守幸"", ""odds"": ""17.9"", ""popularity"": ""9""}, {""horse_number"": ""8"", ""horse_name"": ""マルセンアガッシ"", ""sex_age"": ""牝7"", ""weight"": ""53.0"", ""jockey_name"": ""佐々木世"", ""trainer_name"": ""小村正也"", ""odds"": ""11.3"", ""popularity"": ""4""}, {""horse_number"": ""9"", ""horse_name"": ""ディノポネラ"", ""sex_age"": ""牝4"", ""weight"": ""55.0"", ""jockey_name"": ""高畑皓一"", ""trainer_name"": ""黒田隆男"", ""odds"": ""37.0"", ""popularity"": ""10""}, {""horse_number"": ""10"", ""horse_name"": ""ラブリーテン"", ""sex_age"": ""牝7"", ""weight"": ""52.0"", ""jockey_name"": ""高橋愛叶"", ""trainer_name"": ""徳本慶一"", ""odds"": ""17.6"", ""popularity"": ""8""}, {""horse_number"": ""11"", ""horse_name"": ""ミラクルサーダ"", ""sex_age"": ""牝5"", ""weight"": ""54.0"", ""jockey_name"": ""山本屋太"", ""trainer_name"": ""織田誠"", ""odds"": ""16.7"", ""popularity"": ""7""}]"
